{
  "train": {
    "joint": {
      "best_val_score": 0.999919664401452
    }
  },
  "val": {
    "accuracy": 0.9934,
    "precision": 0.9934368644851174,
    "recall": 0.9974013921113689,
    "f1": 0.9954151808456444,
    "f1_macro": 0.9918196399053962,
    "f1_weighted": 0.9933896927826379,
    "precision_0": 0.9933046389287422,
    "recall_0": 0.9831952662721893,
    "precision_1": 0.9934368644851174,
    "recall_1": 0.9974013921113689,
    "pr_auc": 0.999919664401452,
    "roc_auc": 0.9997954722058238,
    "loss": 0.01681134701532622
  },
  "test": {
    "accuracy": 0.9922,
    "precision": 0.9926953305594083,
    "recall": 0.9964729905327641,
    "f1": 0.9945805734401779,
    "f1_macro": 0.9903351089766577,
    "f1_weighted": 0.9921883957304665,
    "precision_0": 0.9909199522102748,
    "recall_0": 0.9813061997160435,
    "precision_1": 0.9926953305594083,
    "recall_1": 0.9964729905327641,
    "pr_auc": 0.9999070241533602,
    "roc_auc": 0.9997636770999859,
    "loss": 0.018030929413437844
  },
  "eval": {
    "data2": {
      "accuracy": 0.7202178518380234,
      "precision": 0.840302112272962,
      "recall": 0.7232549476694584,
      "f1": 0.7773974814336455,
      "f1_macro": 0.7004532953063636,
      "f1_weighted": 0.727457423971717,
      "precision_0": 0.5534377787257145,
      "recall_0": 0.7138962533139913,
      "precision_1": 0.840302112272962,
      "recall_1": 0.7232549476694584,
      "pr_auc": 0.8646269593655785,
      "roc_auc": 0.7946068534640109,
      "loss": 2.7016838236679406
    }
  },
  "finetune": {}
}