{
  "train": {
    "joint": {
      "best_val_score": 0.9991662136708687
    }
  },
  "val": {
    "accuracy": 0.977840909090909,
    "precision": 0.9826118239597074,
    "recall": 0.984619081951454,
    "f1": 0.983614428905828,
    "f1_macro": 0.974699807509688,
    "f1_weighted": 0.9778286080711254,
    "precision_0": 0.9678472745541321,
    "recall_0": 0.9637318659329664,
    "precision_1": 0.9826118239597074,
    "recall_1": 0.984619081951454,
    "pr_auc": 0.9991662136708687,
    "roc_auc": 0.9982397471266274,
    "loss": 0.050994404192481725
  },
  "test": {
    "accuracy": 0.9757324892460028,
    "precision": 0.979099486444524,
    "recall": 0.985099735640471,
    "f1": 0.9820904462413896,
    "f1_macro": 0.9722330927570355,
    "f1_weighted": 0.9756916869549792,
    "precision_0": 0.9685916919959473,
    "recall_0": 0.9562390597649413,
    "precision_1": 0.979099486444524,
    "recall_1": 0.985099735640471,
    "pr_auc": 0.9989709896893486,
    "roc_auc": 0.9978522328250894,
    "loss": 0.05651178462901749
  },
  "eval": {
    "data1": {
      "accuracy": 0.93954,
      "precision": 0.9288613822657615,
      "recall": 0.9917860855360855,
      "f1": 0.9592929569499118,
      "f1_macro": 0.9209193211309854,
      "f1_weighted": 0.937672738881051,
      "precision_0": 0.9746831821952685,
      "recall_0": 0.8063233623627414,
      "precision_1": 0.9288613822657615,
      "recall_1": 0.9917860855360855,
      "pr_auc": 0.9951135384872731,
      "roc_auc": 0.9877756521047563,
      "loss": 0.17342541238864262
    }
  },
  "finetune": {}
}