{
  "train": {
    "joint": {
      "best_val_score": 0.9998846642076028
    }
  },
  "val": {
    "accuracy": 0.9925333333333334,
    "precision": 0.9929727230698104,
    "recall": 0.9966589327146171,
    "f1": 0.9948124131542381,
    "f1_macro": 0.9907474669813996,
    "f1_weighted": 0.9925224934768725,
    "precision_0": 0.9913978494623656,
    "recall_0": 0.9820118343195267,
    "precision_1": 0.9929727230698104,
    "recall_1": 0.9966589327146171,
    "pr_auc": 0.9998846642076028,
    "roc_auc": 0.9997092107250237,
    "loss": 0.018977656062940756
  },
  "test": {
    "accuracy": 0.9918666666666667,
    "precision": 0.992874329076439,
    "recall": 0.9958232782624837,
    "f1": 0.9943466172381835,
    "f1_macro": 0.9899286530371441,
    "f1_weighted": 0.9918572416763711,
    "precision_0": 0.9892703862660944,
    "recall_0": 0.981779460482726,
    "precision_1": 0.992874329076439,
    "recall_1": 0.9958232782624837,
    "pr_auc": 0.9998269688638699,
    "roc_auc": 0.9995632528784174,
    "loss": 0.021783922590812046
  },
  "eval": {
    "data2_minus_4perc": {
      "accuracy": 0.775421686746988,
      "precision": 0.8489023369600206,
      "recall": 0.8163998167341531,
      "f1": 0.8323338930199089,
      "f1_macro": 0.7461766741364135,
      "f1_weighted": 0.7776740487912727,
      "precision_0": 0.6348928835262251,
      "recall_0": 0.6872168026014179,
      "precision_1": 0.8489023369600206,
      "recall_1": 0.8163998167341531,
      "pr_auc": 0.9008019215778391,
      "roc_auc": 0.847469899812826,
      "loss": 0.935136089957912
    }
  },
  "finetune": {
    "classifier": {
      "best_val_score": 0.9914523460730367
    },
    "val": {
      "accuracy": 0.9432048681541582,
      "precision": 0.9781659388646288,
      "recall": 0.9068825910931174,
      "f1": 0.9411764705882353,
      "f1_macro": 0.9431372549019608,
      "f1_weighted": 0.9431332776518316,
      "precision_0": 0.9128787878787878,
      "recall_0": 0.9796747967479674,
      "precision_1": 0.9781659388646288,
      "recall_1": 0.9068825910931174,
      "pr_auc": 0.9914523460730367,
      "roc_auc": 0.9907014252328757,
      "loss": 0.13827971118156615
    },
    "test": {
      "accuracy": 0.9513184584178499,
      "precision": 0.9475806451612904,
      "recall": 0.9552845528455285,
      "f1": 0.951417004048583,
      "f1_macro": 0.9513182581218524,
      "f1_weighted": 0.9513180578258551,
      "precision_0": 0.9551020408163265,
      "recall_0": 0.9473684210526315,
      "precision_1": 0.9475806451612904,
      "recall_1": 0.9552845528455285,
      "pr_auc": 0.9916252767264929,
      "roc_auc": 0.9914091043744445,
      "loss": 0.11778250527067552
    },
    "eval": {
      "data2_minus_4perc": {
        "accuracy": 0.9298330162756289,
        "precision": 0.9774889949126183,
        "recall": 0.9183847839815743,
        "f1": 0.9470155971678659,
        "f1_macro": 0.921586478247092,
        "f1_weighted": 0.9308828610246471,
        "precision_0": 0.8445555529350723,
        "recall_0": 0.954475185244416,
        "precision_1": 0.9774889949126183,
        "recall_1": 0.9183847839815743,
        "pr_auc": 0.9932560992887582,
        "roc_auc": 0.9859230435767741,
        "loss": 0.17486569260482293
      }
    }
  }
}