{
  "train": {
    "joint": {
      "best_val_score": 0.9999117847796323
    }
  },
  "val": {
    "accuracy": 0.9926666666666667,
    "precision": 0.9942534062471036,
    "recall": 0.9955452436194896,
    "f1": 0.9948989055833797,
    "f1_macro": 0.9909297752193806,
    "f1_weighted": 0.9926629621449936,
    "precision_0": 0.988601282355735,
    "recall_0": 0.9853254437869823,
    "precision_1": 0.9942534062471036,
    "recall_1": 0.9955452436194896,
    "pr_auc": 0.9999117847796323,
    "roc_auc": 0.9997758783069511,
    "loss": 0.017575139951209226
  },
  "test": {
    "accuracy": 0.9926,
    "precision": 0.9941607192510891,
    "recall": 0.9955448301466493,
    "f1": 0.9948522932801558,
    "f1_macro": 0.9908479790449611,
    "f1_weighted": 0.9925959956857647,
    "precision_0": 0.988601282355735,
    "recall_0": 0.985092285849503,
    "precision_1": 0.9941607192510891,
    "recall_1": 0.9955448301466493,
    "pr_auc": 0.9999086116000481,
    "roc_auc": 0.9997666530993308,
    "loss": 0.018156479861338934
  },
  "eval": {
    "data2": {
      "accuracy": 0.7363294724966113,
      "precision": 0.8017270088967124,
      "recall": 0.8099638312445177,
      "f1": 0.8058243722242479,
      "f1_macro": 0.6975942071211115,
      "f1_weighted": 0.7355783804683068,
      "precision_0": 0.5958034094103816,
      "recall_0": 0.5830623780701315,
      "precision_1": 0.8017270088967124,
      "recall_1": 0.8099638312445177,
      "pr_auc": 0.8735029593331907,
      "roc_auc": 0.804095792470354,
      "loss": 2.429142980770317
    }
  },
  "finetune": {}
}