{
  "train": {
    "contrastive": {
      "best_val_loss": Infinity
    },
    "classifier": {
      "best_val_score": 0.8716429093902068
    }
  },
  "val": {
    "accuracy": 0.7423701298701298,
    "precision": 0.7316414686825053,
    "recall": 0.976928622927181,
    "f1": 0.8366779870330349,
    "f1_macro": 0.613498424941796,
    "f1_weighted": 0.6918286543640781,
    "precision_0": 0.8410596026490066,
    "recall_0": 0.2541270635317659,
    "precision_1": 0.7316414686825053,
    "recall_1": 0.976928622927181,
    "pr_auc": 0.8716429093902068,
    "roc_auc": 0.7850897480703822,
    "loss": 0.5368568722303811
  },
  "test": {
    "accuracy": 0.7424722019316614,
    "precision": 0.7321251465151924,
    "recall": 0.9757269887046383,
    "f1": 0.8365528254262607,
    "f1_macro": 0.6148723201524113,
    "f1_weighted": 0.6926521127259728,
    "precision_0": 0.8357723577235773,
    "recall_0": 0.2570642660665166,
    "precision_1": 0.7321251465151924,
    "recall_1": 0.9757269887046383,
    "pr_auc": 0.8784361074262985,
    "roc_auc": 0.7945138922317698,
    "loss": 0.5332131829850811
  },
  "eval": {
    "data1": {
      "accuracy": 0.71896,
      "precision": 0.7187725150100067,
      "recall": 1.0,
      "f1": 0.8363788793839562,
      "f1_macro": 0.4205503802907126,
      "f1_weighted": 0.6020955586148349,
      "precision_0": 1.0,
      "recall_0": 0.002366527830367285,
      "precision_1": 0.7187725150100067,
      "recall_1": 1.0,
      "pr_auc": 0.8934584540402634,
      "roc_auc": 0.7808640575596006,
      "loss": 0.5276425413195293
    }
  },
  "finetune": {}
}