{
  "train": {
    "contrastive": {
      "best_val_loss": Infinity
    },
    "classifier": {
      "best_val_score": 0.9999212121140459
    }
  },
  "val": {
    "accuracy": 0.9934666666666667,
    "precision": 0.993711273467123,
    "recall": 0.997215777262181,
    "f1": 0.9954604409857328,
    "f1_macro": 0.991905208605087,
    "f1_weighted": 0.993457660077969,
    "precision_0": 0.9928349653689993,
    "recall_0": 0.983905325443787,
    "precision_1": 0.993711273467123,
    "recall_1": 0.997215777262181,
    "pr_auc": 0.9999212121140459,
    "roc_auc": 0.9997995579291314,
    "loss": 0.017533383210003375
  },
  "test": {
    "accuracy": 0.9922,
    "precision": 0.9928776246415688,
    "recall": 0.9962873584555412,
    "f1": 0.9945795691452397,
    "f1_macro": 0.9903379129148658,
    "f1_weighted": 0.992189537247965,
    "precision_0": 0.9904511816662688,
    "recall_0": 0.981779460482726,
    "precision_1": 0.9928776246415688,
    "recall_1": 0.9962873584555412,
    "pr_auc": 0.9999081531011635,
    "roc_auc": 0.9997692557260642,
    "loss": 0.017981122398376466
  },
  "eval": {
    "data2_minus_3perc": {
      "accuracy": 0.6902775569631905,
      "precision": 0.8187579942800477,
      "recall": 0.7001093728878129,
      "f1": 0.7547994753368575,
      "f1_macro": 0.6672362127990216,
      "f1_weighted": 0.6989176030847244,
      "precision_0": 0.5112166005688419,
      "recall_0": 0.6692977395500078,
      "precision_1": 0.8187579942800477,
      "recall_1": 0.7001093728878129,
      "pr_auc": 0.8552767177966312,
      "roc_auc": 0.7577698256827115,
      "loss": 2.7093946128397595
    }
  },
  "finetune": {
    "classifier": {
      "best_val_score": 0.9827082294803509
    },
    "val": {
      "accuracy": 0.9297297297297298,
      "precision": 0.9251336898395722,
      "recall": 0.9351351351351351,
      "f1": 0.9301075268817204,
      "f1_macro": 0.9297276764843385,
      "f1_weighted": 0.9297276764843384,
      "precision_0": 0.9344262295081968,
      "recall_0": 0.9243243243243243,
      "precision_1": 0.9251336898395722,
      "recall_1": 0.9351351351351351,
      "pr_auc": 0.9827082294803509,
      "roc_auc": 0.980891161431702,
      "loss": 0.18110763366157945
    },
    "test": {
      "accuracy": 0.918918918918919,
      "precision": 0.9378531073446328,
      "recall": 0.8972972972972973,
      "f1": 0.9171270718232044,
      "f1_macro": 0.9188809962290625,
      "f1_weighted": 0.9188809962290625,
      "precision_0": 0.9015544041450777,
      "recall_0": 0.9405405405405406,
      "precision_1": 0.9378531073446328,
      "recall_1": 0.8972972972972973,
      "pr_auc": 0.9845113245114461,
      "roc_auc": 0.9831701972242514,
      "loss": 0.172307791581025
    },
    "eval": {
      "data2_minus_3perc": {
        "accuracy": 0.9285062799668639,
        "precision": 0.9595063535528159,
        "recall": 0.934437712754845,
        "f1": 0.9468061262607397,
        "f1_macro": 0.9189090967553921,
        "f1_weighted": 0.9290025612284499,
        "precision_0": 0.8674863387978142,
        "recall_0": 0.9158493732627052,
        "precision_1": 0.9595063535528159,
        "recall_1": 0.934437712754845,
        "pr_auc": 0.9907652842890815,
        "roc_auc": 0.9810665244828515,
        "loss": 0.1748833208458242
      }
    }
  }
}