{
  "train": {
    "joint": {
      "best_val_score": 0.9994364688677645
    }
  },
  "val": {
    "accuracy": 0.9827922077922078,
    "precision": 0.9916343355965083,
    "recall": 0.98281663061764,
    "f1": 0.9872057936028968,
    "f1_macro": 0.9804678286477929,
    "f1_weighted": 0.9828326793349575,
    "precision_0": 0.9648821218074656,
    "recall_0": 0.9827413706853426,
    "precision_1": 0.9916343355965083,
    "recall_1": 0.98281663061764,
    "pr_auc": 0.9994364688677645,
    "roc_auc": 0.9988109892485295,
    "loss": 0.044527514104719286
  },
  "test": {
    "accuracy": 0.9804398993588183,
    "precision": 0.9889870507079753,
    "recall": 0.9819754866618601,
    "f1": 0.9854687971058185,
    "f1_macro": 0.9777784596178217,
    "f1_weighted": 0.9804767250963227,
    "precision_0": 0.9630359783144407,
    "recall_0": 0.9772443110777694,
    "precision_1": 0.9889870507079753,
    "recall_1": 0.9819754866618601,
    "pr_auc": 0.9993062375319424,
    "roc_auc": 0.9985477022944753,
    "loss": 0.04724521335662161
  },
  "eval": {
    "data1": {
      "accuracy": 0.96068,
      "precision": 0.9577348314606742,
      "recall": 0.9888996138996139,
      "f1": 0.9730677552809666,
      "f1_macro": 0.9501291668783175,
      "f1_weighted": 0.9601438487270688,
      "precision_0": 0.9691354838709677,
      "recall_0": 0.8887258614161303,
      "precision_1": 0.9577348314606742,
      "recall_1": 0.9888996138996139,
      "pr_auc": 0.997307733528238,
      "roc_auc": 0.9932714376820688,
      "loss": 0.10292313766876857
    }
  },
  "finetune": {}
}