{
  "train": {
    "joint": {
      "best_val_score": 0.999212977972465
    }
  },
  "val": {
    "accuracy": 0.9777597402597402,
    "precision": 0.9749763928234183,
    "recall": 0.9925498678202355,
    "f1": 0.9836846492795046,
    "f1_macro": 0.9743811979509938,
    "f1_weighted": 0.9776464677192146,
    "precision_0": 0.9838877338877339,
    "recall_0": 0.9469734867433717,
    "precision_1": 0.9749763928234183,
    "recall_1": 0.9925498678202355,
    "pr_auc": 0.999212977972465,
    "roc_auc": 0.9983377293068548,
    "loss": 0.0524743245987149
  },
  "test": {
    "accuracy": 0.9753266780293808,
    "precision": 0.9723138548539114,
    "recall": 0.9917087238644556,
    "f1": 0.9819155264723379,
    "f1_macro": 0.9715502045027675,
    "f1_weighted": 0.975187026747265,
    "precision_0": 0.981998434646491,
    "recall_0": 0.9412353088272069,
    "precision_1": 0.9723138548539114,
    "recall_1": 0.9917087238644556,
    "pr_auc": 0.9990342340166989,
    "roc_auc": 0.9979766631155508,
    "loss": 0.056725513255943986
  },
  "eval": {
    "data1": {
      "accuracy": 0.9566466666666666,
      "precision": 0.9473000556689553,
      "recall": 0.9949974012474012,
      "f1": 0.9705630723406952,
      "f1_macro": 0.9441685846106728,
      "f1_weighted": 0.9556920660270976,
      "precision_0": 0.9853655887703293,
      "recall_0": 0.8588602801968951,
      "precision_1": 0.9473000556689553,
      "recall_1": 0.9949974012474012,
      "pr_auc": 0.9965553393040107,
      "roc_auc": 0.9917278697729256,
      "loss": 0.12059481525262197
    }
  },
  "finetune": {}
}