{
  "train": {
    "joint": {
      "best_val_score": 0.9998910979325156
    }
  },
  "val": {
    "accuracy": 0.9912,
    "precision": 0.9939663974751693,
    "recall": 0.9937819025522042,
    "f1": 0.9938741414516429,
    "f1_macro": 0.9891282680755611,
    "f1_weighted": 0.9912006327831168,
    "precision_0": 0.9841495150224746,
    "recall_0": 0.9846153846153847,
    "precision_1": 0.9939663974751693,
    "recall_1": 0.9937819025522042,
    "pr_auc": 0.9998910979325156,
    "roc_auc": 0.9997239830310686,
    "loss": 0.019007710732519625
  },
  "test": {
    "accuracy": 0.9908666666666667,
    "precision": 0.9937795933525206,
    "recall": 0.993502877297197,
    "f1": 0.9936412160594106,
    "f1_macro": 0.9887188930681441,
    "f1_weighted": 0.990867651131265,
    "precision_0": 0.983447623551667,
    "recall_0": 0.9841457643161382,
    "precision_1": 0.9937795933525206,
    "recall_1": 0.993502877297197,
    "pr_auc": 0.9998695236197734,
    "roc_auc": 0.9996683353054728,
    "loss": 0.020848171162605286
  },
  "eval": {
    "data2": {
      "accuracy": 0.7270439843185637,
      "precision": 0.8032853054135375,
      "recall": 0.7891637927926846,
      "f1": 0.7961619357615212,
      "f1_macro": 0.6915831231855121,
      "f1_weighted": 0.7282858274782165,
      "precision_0": 0.5766437447219206,
      "recall_0": 0.5977439847931569,
      "precision_1": 0.8032853054135375,
      "recall_1": 0.7891637927926846,
      "pr_auc": 0.8775725691266931,
      "roc_auc": 0.8096871668697965,
      "loss": 2.5473677778136037
    }
  },
  "finetune": {}
}