{
  "train": {
    "contrastive": {
      "best_val_loss": 1.072894156519572
    },
    "classifier": {
      "best_val_score": 0.9999243439723999
    }
  },
  "val": {
    "accuracy": 0.9928,
    "precision": 0.9963704048394603,
    "recall": 0.9935962877030162,
    "f1": 0.9949814126394052,
    "f1_macro": 0.9911227817914008,
    "f1_weighted": 0.992807717261696,
    "precision_0": 0.9837837837837838,
    "recall_0": 0.9907692307692307,
    "precision_1": 0.9963704048394603,
    "recall_1": 0.9935962877030162,
    "pr_auc": 0.9999243439723999,
    "roc_auc": 0.9998067408943012,
    "loss": 0.016573822813729443
  },
  "test": {
    "accuracy": 0.9922666666666666,
    "precision": 0.9966449207828518,
    "recall": 0.9925747169110822,
    "f1": 0.9946056547619048,
    "f1_macro": 0.9904760853847189,
    "f1_weighted": 0.992278780070173,
    "precision_0": 0.9812646370023419,
    "recall_0": 0.9914813061997161,
    "precision_1": 0.9966449207828518,
    "recall_1": 0.9925747169110822,
    "pr_auc": 0.9999096673569722,
    "roc_auc": 0.9997697389141499,
    "loss": 0.018224926015237966
  },
  "eval": {
    "data2_minus_3perc": {
      "accuracy": 0.7808161864995355,
      "precision": 0.8057177682974126,
      "recall": 0.8935642043429639,
      "f1": 0.8473703224603479,
      "f1_macro": 0.7293561209310464,
      "f1_weighted": 0.7720550093637362,
      "precision_0": 0.704018864055772,
      "recall_0": 0.5402265694655688,
      "precision_1": 0.8057177682974126,
      "recall_1": 0.8935642043429639,
      "pr_auc": 0.893112816195685,
      "roc_auc": 0.8351226670848133,
      "loss": 2.1173988273441084
    }
  },
  "finetune": {
    "classifier": {
      "best_val_score": 0.9856715117231778
    },
    "val": {
      "accuracy": 0.9135135135135135,
      "precision": 0.8923076923076924,
      "recall": 0.9405405405405406,
      "f1": 0.9157894736842105,
      "f1_macro": 0.9134502923976608,
      "f1_weighted": 0.9134502923976608,
      "precision_0": 0.9371428571428572,
      "recall_0": 0.8864864864864865,
      "precision_1": 0.8923076923076924,
      "recall_1": 0.9405405405405406,
      "pr_auc": 0.9856715117231778,
      "roc_auc": 0.9833747260774288,
      "loss": 0.17088835996550483
    },
    "test": {
      "accuracy": 0.9459459459459459,
      "precision": 0.9319371727748691,
      "recall": 0.9621621621621622,
      "f1": 0.9468085106382979,
      "f1_macro": 0.9459317278466215,
      "f1_weighted": 0.9459317278466215,
      "precision_0": 0.9608938547486033,
      "recall_0": 0.9297297297297298,
      "precision_1": 0.9319371727748691,
      "recall_1": 0.9621621621621622,
      "pr_auc": 0.9895826041007796,
      "roc_auc": 0.9890138787436085,
      "loss": 0.14719348026288523
    },
    "eval": {
      "data2_minus_3perc": {
        "accuracy": 0.9399700435957726,
        "precision": 0.9525267433492309,
        "recall": 0.9596672114829243,
        "f1": 0.9560836455349053,
        "f1_macro": 0.9306311061214931,
        "f1_weighted": 0.9398401261094147,
        "precision_0": 0.9125359769747362,
        "recall_0": 0.8979388472229507,
        "precision_1": 0.9525267433492309,
        "recall_1": 0.9596672114829243,
        "pr_auc": 0.9919066108047001,
        "roc_auc": 0.9836665081270909,
        "loss": 0.15400854313689877
      }
    }
  }
}