{
  "train": {
    "joint": {
      "best_val_score": 0.9999132277325862
    }
  },
  "val": {
    "accuracy": 0.9932,
    "precision": 0.9959111606727999,
    "recall": 0.9946171693735499,
    "f1": 0.9952637444279346,
    "f1_macro": 0.9916063523651961,
    "f1_weighted": 0.9932034135659252,
    "precision_0": 0.9863175277188017,
    "recall_0": 0.989585798816568,
    "precision_1": 0.9959111606727999,
    "recall_1": 0.9946171693735499,
    "pr_auc": 0.9999132277325862,
    "roc_auc": 0.9997794148739,
    "loss": 0.016987669167170923
  },
  "test": {
    "accuracy": 0.993,
    "precision": 0.9958174551538247,
    "recall": 0.9944310376833116,
    "f1": 0.9951237635257512,
    "f1_macro": 0.9913613384771782,
    "f1_weighted": 0.9930037624250486,
    "precision_0": 0.9858523933034662,
    "recall_0": 0.9893516327496451,
    "precision_1": 0.9958174551538247,
    "recall_1": 0.9944310376833116,
    "pr_auc": 0.9998854650928881,
    "roc_auc": 0.9996998852911484,
    "loss": 0.020945561022063096
  },
  "eval": {
    "data2": {
      "accuracy": 0.7462561788268143,
      "precision": 0.8211032419938942,
      "recall": 0.7982720707513729,
      "f1": 0.8095267108598168,
      "f1_macro": 0.714785475559226,
      "f1_weighted": 0.7480356096725369,
      "precision_0": 0.6030830338566294,
      "recall_0": 0.6379870941923865,
      "precision_1": 0.8211032419938942,
      "recall_1": 0.7982720707513729,
      "pr_auc": 0.8688696732059221,
      "roc_auc": 0.810977257720577,
      "loss": 3.1261172031549878
    }
  },
  "finetune": {}
}