{
  "train": {
    "joint": {
      "best_val_score": 0.9991795506089758
    }
  },
  "val": {
    "accuracy": 0.9787337662337663,
    "precision": 0.9864799613713182,
    "recall": 0.9819754866618601,
    "f1": 0.9842225701553655,
    "f1_macro": 0.9758055843059625,
    "f1_weighted": 0.978759727716094,
    "precision_0": 0.9628344895936571,
    "recall_0": 0.9719859929964982,
    "precision_1": 0.9864799613713182,
    "recall_1": 0.9819754866618601,
    "pr_auc": 0.9991795506089758,
    "roc_auc": 0.9982783088251648,
    "loss": 0.05191410221159458
  },
  "test": {
    "accuracy": 0.9771934096258421,
    "precision": 0.983640081799591,
    "recall": 0.9825763037731314,
    "f1": 0.9831079050195372,
    "f1_macro": 0.9740068062627347,
    "f1_weighted": 0.9772000576161685,
    "precision_0": 0.9638223552894212,
    "recall_0": 0.9659914978744686,
    "precision_1": 0.983640081799591,
    "recall_1": 0.9825763037731314,
    "pr_auc": 0.9989892451134205,
    "roc_auc": 0.9978860071903339,
    "loss": 0.05591006107158489
  },
  "eval": {
    "data1": {
      "accuracy": 0.95046,
      "precision": 0.9398574046952968,
      "recall": 0.9946818384318384,
      "f1": 0.9664927651246996,
      "f1_macro": 0.935749993847456,
      "f1_weighted": 0.9491718778834836,
      "precision_0": 0.9840705012371077,
      "recall_0": 0.8377035213934115,
      "precision_1": 0.9398574046952968,
      "recall_1": 0.9946818384318384,
      "pr_auc": 0.9956641597215667,
      "roc_auc": 0.9894908642264787,
      "loss": 0.14297425006628037
    }
  },
  "finetune": {}
}