{
  "train": {
    "joint": {
      "best_val_score": 0.9999227141212078
    }
  },
  "val": {
    "accuracy": 0.9934,
    "precision": 0.996096654275093,
    "recall": 0.9947099767981439,
    "f1": 0.9954028325980961,
    "f1_macro": 0.9918538085022377,
    "f1_weighted": 0.993403549024096,
    "precision_0": 0.9865566037735849,
    "recall_0": 0.9900591715976331,
    "precision_1": 0.996096654275093,
    "recall_1": 0.9947099767981439,
    "pr_auc": 0.9999227141212078,
    "roc_auc": 0.9998031823610978,
    "loss": 0.016638142935186624
  },
  "test": {
    "accuracy": 0.9927333333333334,
    "precision": 0.9960003720584132,
    "recall": 0.9938741414516429,
    "f1": 0.9949361207897793,
    "f1_macro": 0.991037381928813,
    "f1_weighted": 0.9927393113995868,
    "precision_0": 0.9844669333960931,
    "recall_0": 0.9898248935163275,
    "precision_1": 0.9960003720584132,
    "recall_1": 0.9938741414516429,
    "pr_auc": 0.9999216329624627,
    "roc_auc": 0.99979945498141,
    "loss": 0.01651779401699702
  },
  "eval": {
    "data2": {
      "accuracy": 0.7137082700908257,
      "precision": 0.8165410158570882,
      "recall": 0.743129738888021,
      "f1": 0.7781077000503271,
      "f1_macro": 0.6873750997106838,
      "f1_weighted": 0.7192183738686656,
      "precision_0": 0.5496165514916568,
      "recall_0": 0.6524686108748937,
      "precision_1": 0.8165410158570882,
      "recall_1": 0.743129738888021,
      "pr_auc": 0.8669696346870165,
      "roc_auc": 0.7893279688817033,
      "loss": 2.8772602101889024
    }
  },
  "finetune": {}
}