{
  "train": {
    "contrastive": {
      "best_val_loss": Infinity
    },
    "classifier": {
      "best_val_score": 0.9994159775429138
    }
  },
  "val": {
    "accuracy": 0.9811688311688311,
    "precision": 0.9880550193050193,
    "recall": 0.9840182648401826,
    "f1": 0.9860325105358217,
    "f1_macro": 0.9785704271234525,
    "f1_weighted": 0.9811894245808459,
    "precision_0": 0.9670138888888888,
    "recall_0": 0.9752376188094047,
    "precision_1": 0.9880550193050193,
    "recall_1": 0.9840182648401826,
    "pr_auc": 0.9994159775429138,
    "roc_auc": 0.9987729685558954,
    "loss": 0.04262548993498861
  },
  "test": {
    "accuracy": 0.9791413034656278,
    "precision": 0.9850836039937447,
    "recall": 0.9840182648401826,
    "f1": 0.9845506462278328,
    "f1_macro": 0.976226865514316,
    "f1_weighted": 0.9791473836560686,
    "precision_0": 0.966816367265469,
    "recall_0": 0.9689922480620154,
    "precision_1": 0.9850836039937447,
    "recall_1": 0.9840182648401826,
    "pr_auc": 0.9992179404369848,
    "roc_auc": 0.9983702366351019,
    "loss": 0.04867863555359222
  },
  "eval": {
    "data1_minus_2perc": {
      "accuracy": 0.9547619047619048,
      "precision": 0.9503499918606544,
      "recall": 0.9890817363804074,
      "f1": 0.969329114741396,
      "f1_macro": 0.9415845646262757,
      "f1_weighted": 0.9539446673333438,
      "precision_0": 0.968154614835557,
      "recall_0": 0.8652959073510649,
      "precision_1": 0.9503499918606544,
      "recall_1": 0.9890817363804074,
      "pr_auc": 0.9963268898994424,
      "roc_auc": 0.9908288884397971,
      "loss": 0.14415868435759527
    }
  },
  "finetune": {
    "classifier": {
      "best_val_score": 0.9980191409734939
    },
    "val": {
      "accuracy": 0.98,
      "precision": 0.9931506849315068,
      "recall": 0.9666666666666667,
      "f1": 0.9797297297297297,
      "f1_macro": 0.9799964438122333,
      "f1_weighted": 0.9799964438122334,
      "precision_0": 0.9675324675324676,
      "recall_0": 0.9933333333333333,
      "precision_1": 0.9931506849315068,
      "recall_1": 0.9666666666666667,
      "pr_auc": 0.9980191409734939,
      "roc_auc": 0.9978666666666666,
      "loss": 0.06036262333393097
    },
    "test": {
      "accuracy": 0.9866666666666667,
      "precision": 0.9932432432432432,
      "recall": 0.98,
      "f1": 0.9865771812080537,
      "f1_macro": 0.9866660740477355,
      "f1_weighted": 0.9866660740477353,
      "precision_0": 0.9802631578947368,
      "recall_0": 0.9933333333333333,
      "precision_1": 0.9932432432432432,
      "recall_1": 0.98,
      "pr_auc": 0.9997762661969058,
      "roc_auc": 0.9997777777777778,
      "loss": 0.026674392611409227
    },
    "eval": {
      "data1_minus_2perc": {
        "accuracy": 0.9725170068027211,
        "precision": 0.9958374570646795,
        "recall": 0.966012198335906,
        "f1": 0.9806981166330635,
        "f1_macro": 0.9664984903896421,
        "f1_weighted": 0.9728243755830379,
        "precision_0": 0.9178160134735309,
        "recall_0": 0.9894739424869958,
        "precision_1": 0.9958374570646795,
        "recall_1": 0.966012198335906,
        "pr_auc": 0.9993263039500131,
        "roc_auc": 0.9982564422156198,
        "loss": 0.06489938801222918
      }
    }
  }
}