{
  "train": {
    "joint": {
      "best_val_score": 0.999913080298318
    }
  },
  "val": {
    "accuracy": 0.9930666666666667,
    "precision": 0.9955419336862635,
    "recall": 0.9948027842227378,
    "f1": 0.9951722217064339,
    "f1_macro": 0.9914380853152647,
    "f1_weighted": 0.9930686582060754,
    "precision_0": 0.9867706118592016,
    "recall_0": 0.9886390532544379,
    "precision_1": 0.9955419336862635,
    "recall_1": 0.9948027842227378,
    "pr_auc": 0.999913080298318,
    "roc_auc": 0.999778843751287,
    "loss": 0.017316832679510116
  },
  "test": {
    "accuracy": 0.9922666666666666,
    "precision": 0.9948003714020427,
    "recall": 0.9944310376833116,
    "f1": 0.9946156702562198,
    "f1_macro": 0.9904488001233795,
    "f1_weighted": 0.9922677778320355,
    "precision_0": 0.9858156028368794,
    "recall_0": 0.9867486985328916,
    "precision_1": 0.9948003714020427,
    "recall_1": 0.9944310376833116,
    "pr_auc": 0.9998867614006799,
    "roc_auc": 0.9997142381735982,
    "loss": 0.018879708620905877
  },
  "eval": {
    "data2": {
      "accuracy": 0.690957200717515,
      "precision": 0.8265391737067469,
      "recall": 0.6865694956801769,
      "f1": 0.7500804074854446,
      "f1_macro": 0.6726363422544759,
      "f1_weighted": 0.6998159071719037,
      "precision_0": 0.5176329172445677,
      "recall_0": 0.7000900405182332,
      "precision_1": 0.8265391737067469,
      "recall_1": 0.6865694956801769,
      "pr_auc": 0.8548655772663536,
      "roc_auc": 0.7782499871905264,
      "loss": 5.929379155674286
    }
  },
  "finetune": {}
}