{
  "train": {
    "joint": {
      "best_val_score": 0.9999161712639546
    }
  },
  "val": {
    "accuracy": 0.993,
    "precision": 0.9936158401184307,
    "recall": 0.9966589327146171,
    "f1": 0.9951350600009267,
    "f1_macro": 0.9913301532629084,
    "f1_weighted": 0.9929916292051764,
    "precision_0": 0.9914122137404581,
    "recall_0": 0.9836686390532544,
    "precision_1": 0.9936158401184307,
    "recall_1": 0.9966589327146171,
    "pr_auc": 0.9999161712639546,
    "roc_auc": 0.9997866307884513,
    "loss": 0.017312963203092415
  },
  "test": {
    "accuracy": 0.9922666666666666,
    "precision": 0.9929694727104533,
    "recall": 0.9962873584555412,
    "f1": 0.9946256486286138,
    "f1_macro": 0.9904211893333184,
    "f1_weighted": 0.9922565759643579,
    "precision_0": 0.9904534606205251,
    "recall_0": 0.9820160908660672,
    "precision_1": 0.9929694727104533,
    "recall_1": 0.9962873584555412,
    "pr_auc": 0.9999008800373328,
    "roc_auc": 0.9997459199378427,
    "loss": 0.01886744038363298
  },
  "eval": {
    "data2": {
      "accuracy": 0.7278394194946551,
      "precision": 0.8350640593391774,
      "recall": 0.7440429699234569,
      "f1": 0.7869302476313933,
      "f1_macro": 0.7051627708084522,
      "f1_weighted": 0.7338596688575837,
      "precision_0": 0.5657554074164679,
      "recall_0": 0.694112350557751,
      "precision_1": 0.8350640593391774,
      "recall_1": 0.7440429699234569,
      "pr_auc": 0.867069846176646,
      "roc_auc": 0.8044422600088208,
      "loss": 7.961805808006472
    }
  },
  "finetune": {}
}