{
  "train": {
    "joint": {
      "best_val_score": 0.9994915251408172
    }
  },
  "val": {
    "accuracy": 0.9840097402597403,
    "precision": 0.9875195007800313,
    "recall": 0.9888248017303533,
    "f1": 0.9881717202041429,
    "f1_macro": 0.9817502307971246,
    "f1_weighted": 0.9840040067870554,
    "precision_0": 0.9766741911211437,
    "recall_0": 0.9739869934967483,
    "precision_1": 0.9875195007800313,
    "recall_1": 0.9888248017303533,
    "pr_auc": 0.9994915251408172,
    "roc_auc": 0.9989261333382384,
    "loss": 0.04088865051215345
  },
  "test": {
    "accuracy": 0.9810080350620891,
    "precision": 0.9844274077623383,
    "recall": 0.9875030040855564,
    "f1": 0.9859628074385123,
    "f1_macro": 0.9783050364337569,
    "f1_weighted": 0.9809918754933752,
    "precision_0": 0.97382330732444,
    "recall_0": 0.967491872968242,
    "precision_1": 0.9844274077623383,
    "recall_1": 0.9875030040855564,
    "pr_auc": 0.9993995658016707,
    "roc_auc": 0.9987410935887059,
    "loss": 0.04443110616162762
  },
  "eval": {
    "data1": {
      "accuracy": 0.9606333333333333,
      "precision": 0.9533875290493193,
      "recall": 0.9937815562815563,
      "f1": 0.9731655555707034,
      "f1_macro": 0.9496520611856043,
      "f1_weighted": 0.9599177393208801,
      "precision_0": 0.9822238730731474,
      "recall_0": 0.8761122680802726,
      "precision_1": 0.9533875290493193,
      "recall_1": 0.9937815562815563,
      "pr_auc": 0.9976614631847291,
      "roc_auc": 0.9941578849222883,
      "loss": 0.10759018085479737
    }
  },
  "finetune": {}
}