{
  "train": {
    "joint": {
      "best_val_score": 0.9990998867992267
    }
  },
  "val": {
    "accuracy": 0.9774350649350649,
    "precision": 0.9827172347575612,
    "recall": 0.9838981014179283,
    "f1": 0.9833073135583044,
    "f1_macro": 0.9742481972249323,
    "f1_weighted": 0.977427711756223,
    "precision_0": 0.9663991975927784,
    "recall_0": 0.9639819909954978,
    "precision_1": 0.9827172347575612,
    "recall_1": 0.9838981014179283,
    "pr_auc": 0.9990998867992267,
    "roc_auc": 0.9980916918444803,
    "loss": 0.054272286855168154
  },
  "test": {
    "accuracy": 0.9764629494359224,
    "precision": 0.9782090974041439,
    "recall": 0.9871425138187936,
    "f1": 0.9826555023923444,
    "f1_macro": 0.9730242924736274,
    "f1_weighted": 0.9764035409500996,
    "precision_0": 0.9727249553912822,
    "recall_0": 0.95423855963991,
    "precision_1": 0.9782090974041439,
    "recall_1": 0.9871425138187936,
    "pr_auc": 0.9990030750585658,
    "roc_auc": 0.997909204530164,
    "loss": 0.05820377782775122
  },
  "eval": {
    "data1": {
      "accuracy": 0.9522333333333334,
      "precision": 0.9446345366612734,
      "recall": 0.9916190228690228,
      "f1": 0.9675567247913714,
      "f1_macro": 0.938517917434661,
      "f1_weighted": 0.9511958735425027,
      "precision_0": 0.9755264655663062,
      "recall_0": 0.8518080272624006,
      "precision_1": 0.9446345366612734,
      "recall_1": 0.9916190228690228,
      "pr_auc": 0.9959642472426797,
      "roc_auc": 0.9903405960648572,
      "loss": 0.15374583033998807
    }
  },
  "finetune": {}
}