{
  "train": {
    "joint": {
      "best_val_score": 0.9994907290933077
    }
  },
  "val": {
    "accuracy": 0.9840909090909091,
    "precision": 0.9846135496183206,
    "recall": 0.9919490507089642,
    "f1": 0.9882676882557165,
    "f1_macro": 0.9817819409264466,
    "f1_weighted": 0.9840582697780508,
    "precision_0": 0.9829776422764228,
    "recall_0": 0.9677338669334667,
    "precision_1": 0.9846135496183206,
    "recall_1": 0.9919490507089642,
    "pr_auc": 0.9994907290933077,
    "roc_auc": 0.998929439485424,
    "loss": 0.04297670993905563
  },
  "test": {
    "accuracy": 0.9803587371154938,
    "precision": 0.9798099762470309,
    "recall": 0.9913482335976929,
    "f1": 0.985545335085414,
    "f1_macro": 0.9774562118465044,
    "f1_weighted": 0.9802943970394113,
    "precision_0": 0.981543194052807,
    "recall_0": 0.9574893723430857,
    "precision_1": 0.9798099762470309,
    "recall_1": 0.9913482335976929,
    "pr_auc": 0.9993266572120807,
    "roc_auc": 0.998596831375592,
    "loss": 0.04951199589460597
  },
  "eval": {
    "data1": {
      "accuracy": 0.9640266666666667,
      "precision": 0.9577772211686406,
      "recall": 0.9937258687258688,
      "f1": 0.9754204398447607,
      "f1_macro": 0.9541813637310994,
      "f1_weighted": 0.9634540611746424,
      "precision_0": 0.9823092222338532,
      "recall_0": 0.8882998864066641,
      "precision_1": 0.9577772211686406,
      "recall_1": 0.9937258687258688,
      "pr_auc": 0.9975759466082501,
      "roc_auc": 0.9940415239015586,
      "loss": 0.10904773235221704
    }
  },
  "finetune": {}
}