{
  "train": {
    "joint": {
      "best_val_score": 0.9999330619136838
    }
  },
  "val": {
    "accuracy": 0.9936,
    "precision": 0.9955452436194896,
    "recall": 0.9955452436194896,
    "f1": 0.9955452436194896,
    "f1_macro": 0.9920921484369638,
    "f1_weighted": 0.9936,
    "precision_0": 0.9886390532544379,
    "recall_0": 0.9886390532544379,
    "precision_1": 0.9955452436194896,
    "recall_1": 0.9955452436194896,
    "pr_auc": 0.9999330619136838,
    "roc_auc": 0.9998295638325623,
    "loss": 0.016411598013341428
  },
  "test": {
    "accuracy": 0.9926,
    "precision": 0.9955386188307463,
    "recall": 0.9941525895674772,
    "f1": 0.9948451214415084,
    "f1_macro": 0.9908677006758742,
    "f1_weighted": 0.9926039774207656,
    "precision_0": 0.9851450129686394,
    "recall_0": 0.9886417415996214,
    "precision_1": 0.9955386188307463,
    "recall_1": 0.9941525895674772,
    "pr_auc": 0.9999106306997714,
    "roc_auc": 0.9997771624401912,
    "loss": 0.020592184801896413
  },
  "eval": {
    "data2": {
      "accuracy": 0.7203396021200782,
      "precision": 0.7979859702295115,
      "recall": 0.7846096538133404,
      "f1": 0.7912412827861155,
      "f1_macro": 0.6838739385083124,
      "f1_weighted": 0.7215552985338631,
      "precision_0": 0.5667883123474394,
      "recall_0": 0.5865639537792007,
      "precision_1": 0.7979859702295115,
      "recall_1": 0.7846096538133404,
      "pr_auc": 0.8654056934730446,
      "roc_auc": 0.7957211224437208,
      "loss": 3.498891785950939
    }
  },
  "finetune": {}
}