{
  "train": {
    "joint": {
      "best_val_score": 0.9994584956095087
    }
  },
  "val": {
    "accuracy": 0.9810876623376623,
    "precision": 0.9790358877176359,
    "recall": 0.9932708483537611,
    "f1": 0.9861019982105577,
    "f1_macro": 0.978257348311628,
    "f1_weighted": 0.9810106166690121,
    "precision_0": 0.9855558421459891,
    "recall_0": 0.955727863931966,
    "precision_1": 0.9790358877176359,
    "recall_1": 0.9932708483537611,
    "pr_auc": 0.9994584956095087,
    "roc_auc": 0.9988577261473803,
    "loss": 0.04404203416174882
  },
  "test": {
    "accuracy": 0.979384790195601,
    "precision": 0.9764942121426884,
    "recall": 0.9933910117760154,
    "f1": 0.9848701453419109,
    "f1_macro": 0.9762649682655569,
    "f1_weighted": 0.9792842183670973,
    "precision_0": 0.9857328145265889,
    "recall_0": 0.9502375593898474,
    "precision_1": 0.9764942121426884,
    "recall_1": 0.9933910117760154,
    "pr_auc": 0.9993627730343414,
    "roc_auc": 0.9986681061036708,
    "loss": 0.0482989089649206
  },
  "eval": {
    "data1": {
      "accuracy": 0.95474,
      "precision": 0.9529526834827398,
      "recall": 0.9856511731511731,
      "f1": 0.9690261651116636,
      "f1_macro": 0.9425097415919019,
      "f1_weighted": 0.9540864585483163,
      "precision_0": 0.9599055992115978,
      "recall_0": 0.8759229458538432,
      "precision_1": 0.9529526834827398,
      "recall_1": 0.9856511731511731,
      "pr_auc": 0.9967754369639183,
      "roc_auc": 0.9919403422134545,
      "loss": 0.126727485922575
    }
  },
  "finetune": {}
}