{
  "train": {
    "joint": {
      "best_val_score": 0.9999061564128431
    }
  },
  "val": {
    "accuracy": 0.9922666666666666,
    "precision": 0.9926056012570478,
    "recall": 0.9966589327146171,
    "f1": 0.9946281374455868,
    "f1_macro": 0.9904142352704974,
    "f1_weighted": 0.9922543058869531,
    "precision_0": 0.9913896197082038,
    "recall_0": 0.9810650887573964,
    "precision_1": 0.9926056012570478,
    "recall_1": 0.9966589327146171,
    "pr_auc": 0.9999061564128431,
    "roc_auc": 0.9997607655239638,
    "loss": 0.018871137910087904
  },
  "test": {
    "accuracy": 0.9921333333333333,
    "precision": 0.9932419922236623,
    "recall": 0.9958232782624837,
    "f1": 0.9945309603262885,
    "f1_macro": 0.9902616814926789,
    "f1_weighted": 0.9921253640128439,
    "precision_0": 0.9892806098141972,
    "recall_0": 0.9827259820160908,
    "precision_1": 0.9932419922236623,
    "recall_1": 0.9958232782624837,
    "pr_auc": 0.9998891156616865,
    "roc_auc": 0.9997174447854386,
    "loss": 0.020300222598512968
  },
  "eval": {
    "data2": {
      "accuracy": 0.7003887892340284,
      "precision": 0.8367854545454545,
      "recall": 0.6912798452313719,
      "f1": 0.757104973975298,
      "f1_macro": 0.683111178150883,
      "f1_weighted": 0.7090798456155704,
      "precision_0": 0.5281802655501074,
      "recall_0": 0.7193487069181131,
      "precision_1": 0.8367854545454545,
      "recall_1": 0.6912798452313719,
      "pr_auc": 0.8830230829117787,
      "roc_auc": 0.8152819232479851,
      "loss": 1.9811580516757472
    }
  },
  "finetune": {}
}