{
  "train": {
    "contrastive": {
      "best_val_loss": Infinity
    },
    "classifier": {
      "best_val_score": 0.9994159775429138
    }
  },
  "val": {
    "accuracy": 0.9811688311688311,
    "precision": 0.9880550193050193,
    "recall": 0.9840182648401826,
    "f1": 0.9860325105358217,
    "f1_macro": 0.9785704271234525,
    "f1_weighted": 0.9811894245808459,
    "precision_0": 0.9670138888888888,
    "recall_0": 0.9752376188094047,
    "precision_1": 0.9880550193050193,
    "recall_1": 0.9840182648401826,
    "pr_auc": 0.9994159775429138,
    "roc_auc": 0.9987729685558954,
    "loss": 0.04262548993498861
  },
  "test": {
    "accuracy": 0.9791413034656278,
    "precision": 0.9850836039937447,
    "recall": 0.9840182648401826,
    "f1": 0.9845506462278328,
    "f1_macro": 0.976226865514316,
    "f1_weighted": 0.9791473836560686,
    "precision_0": 0.966816367265469,
    "recall_0": 0.9689922480620154,
    "precision_1": 0.9850836039937447,
    "recall_1": 0.9840182648401826,
    "pr_auc": 0.9992179404369848,
    "roc_auc": 0.9983702366351019,
    "loss": 0.04867863555359222
  },
  "eval": {
    "data1_minus_1perc": {
      "accuracy": 0.9545656565656566,
      "precision": 0.9498810752591662,
      "recall": 0.989130231601772,
      "f1": 0.9691084158619837,
      "f1_macro": 0.9416294455536204,
      "f1_weighted": 0.9537475789378229,
      "precision_0": 0.9686396117028448,
      "recall_0": 0.8654652339420806,
      "precision_1": 0.9498810752591662,
      "recall_1": 0.989130231601772,
      "pr_auc": 0.996286367779301,
      "roc_auc": 0.9908275467726406,
      "loss": 0.14514449562006929
    }
  },
  "finetune": {
    "classifier": {
      "best_val_score": 0.9975541499623826
    },
    "val": {
      "accuracy": 0.98,
      "precision": 0.9736842105263158,
      "recall": 0.9866666666666667,
      "f1": 0.9801324503311258,
      "f1_macro": 0.9799991110716032,
      "f1_weighted": 0.9799991110716032,
      "precision_0": 0.9864864864864865,
      "recall_0": 0.9733333333333334,
      "precision_1": 0.9736842105263158,
      "recall_1": 0.9866666666666667,
      "pr_auc": 0.9975541499623826,
      "roc_auc": 0.997688888888889,
      "loss": 0.07552994787693024
    },
    "test": {
      "accuracy": 0.96,
      "precision": 0.948051948051948,
      "recall": 0.9733333333333334,
      "f1": 0.9605263157894737,
      "f1_macro": 0.9599928876244666,
      "f1_weighted": 0.9599928876244664,
      "precision_0": 0.9726027397260274,
      "recall_0": 0.9466666666666667,
      "precision_1": 0.948051948051948,
      "recall_1": 0.9733333333333334,
      "pr_auc": 0.9975927778008298,
      "roc_auc": 0.9975111111111111,
      "loss": 0.09732634574174881
    },
    "eval": {
      "data1_minus_1perc": {
        "accuracy": 0.9714343434343434,
        "precision": 0.9812199097057005,
        "recall": 0.9790922855487224,
        "f1": 0.9801549430191433,
        "f1_macro": 0.9645981576851519,
        "f1_weighted": 0.9714586476376935,
        "precision_0": 0.9464037567684125,
        "recall_0": 0.9516937310268395,
        "precision_1": 0.9812199097057005,
        "recall_1": 0.9790922855487224,
        "pr_auc": 0.9983911651507881,
        "roc_auc": 0.9959310730642504,
        "loss": 0.08853959123735075
      }
    }
  }
}