{
  "train": {
    "joint": {
      "best_val_score": 0.9998734010883286
    }
  },
  "val": {
    "accuracy": 0.9934,
    "precision": 0.9941677467135716,
    "recall": 0.9966589327146171,
    "f1": 0.9954117810631691,
    "f1_macro": 0.9918291245337215,
    "f1_weighted": 0.993393551218247,
    "precision_0": 0.9914244878513578,
    "recall_0": 0.9850887573964497,
    "precision_1": 0.9941677467135716,
    "recall_1": 0.9966589327146171,
    "pr_auc": 0.9998734010883286,
    "roc_auc": 0.999680434931836,
    "loss": 0.01961916494121154
  },
  "test": {
    "accuracy": 0.9922,
    "precision": 0.9930600536689183,
    "recall": 0.9961017263783182,
    "f1": 0.9945785644780131,
    "f1_macro": 0.9903407135253826,
    "f1_weighted": 0.9921906767279042,
    "precision_0": 0.989983305509182,
    "recall_0": 0.9822527212494084,
    "precision_1": 0.9930600536689183,
    "recall_1": 0.9961017263783182,
    "pr_auc": 0.9998544156244585,
    "roc_auc": 0.9996342705454428,
    "loss": 0.021022760053475698
  },
  "eval": {
    "data2": {
      "accuracy": 0.6732871764486255,
      "precision": 0.8427156279411061,
      "recall": 0.6348037154083704,
      "f1": 0.7241313138235899,
      "f1_macro": 0.6617989796311071,
      "f1_weighted": 0.6836749712721285,
      "precision_0": 0.49776911128003437,
      "recall_0": 0.7533890250612776,
      "precision_1": 0.8427156279411061,
      "recall_1": 0.6348037154083704,
      "pr_auc": 0.8611423683846054,
      "roc_auc": 0.7844074171645226,
      "loss": 1.78201642877888
    }
  },
  "finetune": {}
}