{
  "train": {
    "joint": {
      "best_val_score": 0.9995154516250763
    }
  },
  "val": {
    "accuracy": 0.9823863636363637,
    "precision": 0.9884295528504279,
    "recall": 0.9854602259072338,
    "f1": 0.9869426559961489,
    "f1_macro": 0.9799443363511476,
    "f1_weighted": 0.9824005647720069,
    "precision_0": 0.9699229430773055,
    "recall_0": 0.9759879939969985,
    "precision_1": 0.9884295528504279,
    "recall_1": 0.9854602259072338,
    "pr_auc": 0.9995154516250763,
    "roc_auc": 0.998982668455112,
    "loss": 0.039470385435920255
  },
  "test": {
    "accuracy": 0.9809268728187647,
    "precision": 0.9878151767402582,
    "recall": 0.9838981014179283,
    "f1": 0.9858527481789175,
    "f1_macro": 0.978295568461268,
    "f1_weighted": 0.9809471136215147,
    "precision_0": 0.966765873015873,
    "recall_0": 0.9747436859214804,
    "precision_1": 0.9878151767402582,
    "recall_1": 0.9838981014179283,
    "pr_auc": 0.9993199012835338,
    "roc_auc": 0.9985792831288812,
    "loss": 0.04648951369830346
  },
  "eval": {
    "data1": {
      "accuracy": 0.96372,
      "precision": 0.9650006363520663,
      "recall": 0.9852242352242352,
      "f1": 0.9750075776363286,
      "f1_macro": 0.9544233307249409,
      "f1_weighted": 0.9634101384698274,
      "precision_0": 0.960198009900495,
      "recall_0": 0.9088886785308595,
      "precision_1": 0.9650006363520663,
      "recall_1": 0.9852242352242352,
      "pr_auc": 0.9971535320360387,
      "roc_auc": 0.9931447318878247,
      "loss": 0.10904721616784732
    }
  },
  "finetune": {}
}