{
  "train": {
    "joint": {
      "best_val_score": 0.9994676029752986
    }
  },
  "val": {
    "accuracy": 0.9824675324675325,
    "precision": 0.9870223503965393,
    "recall": 0.9870223503965393,
    "f1": 0.9870223503965393,
    "f1_macro": 0.9800044218215813,
    "f1_weighted": 0.9824675324675325,
    "precision_0": 0.9729864932466233,
    "recall_0": 0.9729864932466233,
    "precision_1": 0.9870223503965393,
    "recall_1": 0.9870223503965393,
    "pr_auc": 0.9994676029752986,
    "roc_auc": 0.9988783144275815,
    "loss": 0.04092707680417346
  },
  "test": {
    "accuracy": 0.9801152503855206,
    "precision": 0.9831319535829645,
    "recall": 0.9875030040855564,
    "f1": 0.985312631137222,
    "f1_macro": 0.9772688014372204,
    "f1_weighted": 0.9800910947407758,
    "precision_0": 0.9737506309944473,
    "recall_0": 0.9647411852963241,
    "precision_1": 0.9831319535829645,
    "recall_1": 0.9875030040855564,
    "pr_auc": 0.9993188244405393,
    "roc_auc": 0.9985696376028638,
    "loss": 0.04637306262876195
  },
  "eval": {
    "data1": {
      "accuracy": 0.9625733333333333,
      "precision": 0.9571129332569465,
      "recall": 0.9923615236115236,
      "f1": 0.9744185622630505,
      "f1_macro": 0.9523587646436429,
      "f1_weighted": 0.9619897781536414,
      "precision_0": 0.9785050146259925,
      "recall_0": 0.8866196516471033,
      "precision_1": 0.9571129332569465,
      "recall_1": 0.9923615236115236,
      "pr_auc": 0.9975752756262514,
      "roc_auc": 0.9939878957241136,
      "loss": 0.10944513876080512
    }
  },
  "finetune": {}
}