{
  "train": {
    "joint": {
      "best_val_score": 0.9988676869165869
    }
  },
  "val": {
    "accuracy": 0.9719155844155845,
    "precision": 0.9706160018881284,
    "recall": 0.9883441480413362,
    "f1": 0.9793998571088355,
    "f1_macro": 0.9676448546125513,
    "f1_weighted": 0.9717705551640069,
    "precision_0": 0.9747789911596464,
    "recall_0": 0.9377188594297149,
    "precision_1": 0.9706160018881284,
    "recall_1": 0.9883441480413362,
    "pr_auc": 0.9988676869165869,
    "roc_auc": 0.997589968981126,
    "loss": 0.06577890192146425
  },
  "test": {
    "accuracy": 0.9680220761301842,
    "precision": 0.9661335841956726,
    "recall": 0.9872626772410478,
    "f1": 0.9765838583145132,
    "f1_macro": 0.9630872208665708,
    "f1_weighted": 0.967822710168369,
    "precision_0": 0.9722294996070212,
    "recall_0": 0.9279819954988747,
    "precision_1": 0.9661335841956726,
    "recall_1": 0.9872626772410478,
    "pr_auc": 0.9986380078835849,
    "roc_auc": 0.9971315227268727,
    "loss": 0.07141789323098885
  },
  "eval": {
    "data1": {
      "accuracy": 0.9401866666666666,
      "precision": 0.9247015926524715,
      "recall": 0.997995247995248,
      "f1": 0.9599514346420983,
      "f1_macro": 0.9209276469793444,
      "f1_weighted": 0.9379649123557339,
      "precision_0": 0.9935935460908767,
      "recall_0": 0.7927868231730405,
      "precision_1": 0.9247015926524715,
      "recall_1": 0.997995247995248,
      "pr_auc": 0.9938946378712592,
      "roc_auc": 0.9854739597657025,
      "loss": 0.18294247284094492
    }
  },
  "finetune": {}
}