{
  "train": {
    "joint": {
      "best_val_score": 0.9999157681993213
    }
  },
  "val": {
    "accuracy": 0.9929333333333333,
    "precision": 0.9951731179801355,
    "recall": 0.9949883990719257,
    "f1": 0.995080749953592,
    "f1_macro": 0.9912696698182537,
    "f1_weighted": 0.9929338414773515,
    "precision_0": 0.9872249822569198,
    "recall_0": 0.9876923076923076,
    "precision_1": 0.9951731179801355,
    "recall_1": 0.9949883990719257,
    "pr_auc": 0.9999157681993213,
    "roc_auc": 0.999785653290133,
    "loss": 0.016972955002635716
  },
  "test": {
    "accuracy": 0.9932666666666666,
    "precision": 0.9956348100677997,
    "recall": 0.9949879339149805,
    "f1": 0.9953112668864027,
    "f1_macro": 0.9916856606331765,
    "f1_weighted": 0.9932683586162515,
    "precision_0": 0.9872430900070872,
    "recall_0": 0.9888783719829626,
    "precision_1": 0.9956348100677997,
    "recall_1": 0.9949879339149805,
    "pr_auc": 0.9998997438443084,
    "roc_auc": 0.999745766196179,
    "loss": 0.01850601820151011
  },
  "eval": {
    "data2": {
      "accuracy": 0.7220035226414941,
      "precision": 0.817560469489657,
      "recall": 0.7574770791026303,
      "f1": 0.7863727654903135,
      "f1_macro": 0.6942435388789858,
      "f1_weighted": 0.7265769693104461,
      "precision_0": 0.5621718946592043,
      "recall_0": 0.6481666750037517,
      "precision_1": 0.817560469489657,
      "recall_1": 0.7574770791026303,
      "pr_auc": 0.8827258562345786,
      "roc_auc": 0.8142801542750451,
      "loss": 2.097143010655869
    }
  },
  "finetune": {}
}