{
  "train": {
    "joint": {
      "best_val_score": 0.9995712096918932
    }
  },
  "val": {
    "accuracy": 0.984172077922078,
    "precision": 0.988460151460512,
    "recall": 0.9881038211968277,
    "f1": 0.9882819542094826,
    "f1_macro": 0.9819519534767878,
    "f1_weighted": 0.9841736193183602,
    "precision_0": 0.9752561859535116,
    "recall_0": 0.9759879939969985,
    "precision_1": 0.988460151460512,
    "recall_1": 0.9881038211968277,
    "pr_auc": 0.9995712096918932,
    "roc_auc": 0.9990961594712281,
    "loss": 0.037386989027455256
  },
  "test": {
    "accuracy": 0.9831994156318481,
    "precision": 0.98727032544734,
    "recall": 0.9878634943523191,
    "f1": 0.9875668208300799,
    "f1_macro": 0.9808345801885918,
    "f1_weighted": 0.9831966836130828,
    "precision_0": 0.9747120681021533,
    "recall_0": 0.9734933733433359,
    "precision_1": 0.98727032544734,
    "recall_1": 0.9878634943523191,
    "pr_auc": 0.9994225295452379,
    "roc_auc": 0.9987909137822788,
    "loss": 0.04204497555176003
  },
  "eval": {
    "data1": {
      "accuracy": 0.9675066666666666,
      "precision": 0.9601943311144514,
      "recall": 0.9960554648054648,
      "f1": 0.9777962024855134,
      "f1_macro": 0.9586202958556183,
      "f1_weighted": 0.9669922410114754,
      "precision_0": 0.9888836576689684,
      "recall_0": 0.8947131768269595,
      "precision_1": 0.9601943311144514,
      "recall_1": 0.9960554648054648,
      "pr_auc": 0.9976311126593693,
      "roc_auc": 0.9942671332248404,
      "loss": 0.10158546835621197
    }
  },
  "finetune": {}
}