{
  "train": {
    "joint": {
      "best_val_score": 0.9998389744554044
    }
  },
  "val": {
    "accuracy": 0.9919333333333333,
    "precision": 0.9929668702572645,
    "recall": 0.9958236658932714,
    "f1": 0.9943932162550392,
    "f1_macro": 0.9900104815091564,
    "f1_weighted": 0.9919242756815253,
    "precision_0": 0.9892703862660944,
    "recall_0": 0.9820118343195267,
    "precision_1": 0.9929668702572645,
    "recall_1": 0.9958236658932714,
    "pr_auc": 0.9998389744554044,
    "roc_auc": 0.99960863822952,
    "loss": 0.021034578718741734
  },
  "test": {
    "accuracy": 0.9918666666666667,
    "precision": 0.9935137138621201,
    "recall": 0.9951735659922034,
    "f1": 0.9943429472317536,
    "f1_macro": 0.9899388437842429,
    "f1_weighted": 0.9918613817425297,
    "precision_0": 0.9876425855513308,
    "recall_0": 0.9834358731661146,
    "precision_1": 0.9935137138621201,
    "recall_1": 0.9951735659922034,
    "pr_auc": 0.9998262267005761,
    "roc_auc": 0.9995566968946206,
    "loss": 0.023406059549252192
  },
  "eval": {
    "data2": {
      "accuracy": 0.7371411410436434,
      "precision": 0.8093343069246683,
      "recall": 0.7991132045998005,
      "f1": 0.8041912800575606,
      "f1_macro": 0.7022252456573677,
      "f1_weighted": 0.7380109762112498,
      "precision_0": 0.5925718324275583,
      "recall_0": 0.608148666900105,
      "precision_1": 0.8093343069246683,
      "recall_1": 0.7991132045998005,
      "pr_auc": 0.8834177123003869,
      "roc_auc": 0.810597904924365,
      "loss": 1.261617430413496
    }
  },
  "finetune": {}
}