{
  "train": {
    "joint": {
      "best_val_score": 0.9987465309382216
    }
  },
  "val": {
    "accuracy": 0.9716720779220779,
    "precision": 0.9723900936129873,
    "recall": 0.9860610430185052,
    "f1": 0.9791778533500388,
    "f1_macro": 0.9674414460302676,
    "f1_weighted": 0.9715606201577586,
    "precision_0": 0.9701107961865498,
    "recall_0": 0.9417208604302151,
    "precision_1": 0.9723900936129873,
    "recall_1": 0.9860610430185052,
    "pr_auc": 0.9987465309382216,
    "roc_auc": 0.9973482295100927,
    "loss": 0.06556928473246562
  },
  "test": {
    "accuracy": 0.9692395097800504,
    "precision": 0.9678407350689127,
    "recall": 0.9872626772410478,
    "f1": 0.9774552376420201,
    "f1_macro": 0.964528921336653,
    "f1_weighted": 0.9690643052655632,
    "precision_0": 0.9723382045929019,
    "recall_0": 0.9317329332333083,
    "precision_1": 0.9678407350689127,
    "recall_1": 0.9872626772410478,
    "pr_auc": 0.9985668462656814,
    "roc_auc": 0.9969797484218448,
    "loss": 0.06963135444051734
  },
  "eval": {
    "data1": {
      "accuracy": 0.9275666666666667,
      "precision": 0.9121353151880749,
      "recall": 0.9950066825066826,
      "f1": 0.9517704870004483,
      "f1_macro": 0.903183398017575,
      "f1_weighted": 0.9243958732396443,
      "precision_0": 0.9834293282409832,
      "recall_0": 0.7556086709579705,
      "precision_1": 0.9121353151880749,
      "recall_1": 0.9950066825066826,
      "pr_auc": 0.9952617210095788,
      "roc_auc": 0.9882011486206749,
      "loss": 0.18530163592735927
    }
  },
  "finetune": {}
}