{
  "train": {
    "contrastive": {
      "best_val_loss": Infinity
    },
    "classifier": {
      "best_val_score": 0.9994159775429138
    }
  },
  "val": {
    "accuracy": 0.9811688311688311,
    "precision": 0.9880550193050193,
    "recall": 0.9840182648401826,
    "f1": 0.9860325105358217,
    "f1_macro": 0.9785704271234525,
    "f1_weighted": 0.9811894245808459,
    "precision_0": 0.9670138888888888,
    "recall_0": 0.9752376188094047,
    "precision_1": 0.9880550193050193,
    "recall_1": 0.9840182648401826,
    "pr_auc": 0.9994159775429138,
    "roc_auc": 0.9987729685558954,
    "loss": 0.04262548993498861
  },
  "test": {
    "accuracy": 0.9791413034656278,
    "precision": 0.9850836039937447,
    "recall": 0.9840182648401826,
    "f1": 0.9845506462278328,
    "f1_macro": 0.976226865514316,
    "f1_weighted": 0.9791473836560686,
    "precision_0": 0.966816367265469,
    "recall_0": 0.9689922480620154,
    "precision_1": 0.9850836039937447,
    "recall_1": 0.9840182648401826,
    "pr_auc": 0.9992179404369848,
    "roc_auc": 0.9983702366351019,
    "loss": 0.04867863555359222
  },
  "eval": {
    "data1_minus_4perc": {
      "accuracy": 0.9553888888888888,
      "precision": 0.9515311277256278,
      "recall": 0.9890494920950126,
      "f1": 0.9699276278216256,
      "f1_macro": 0.9417813235233534,
      "f1_weighted": 0.9545816372447787,
      "precision_0": 0.9673461253772134,
      "recall_0": 0.8655746892194823,
      "precision_1": 0.9515311277256278,
      "recall_1": 0.9890494920950126,
      "pr_auc": 0.9963932502433572,
      "roc_auc": 0.990793650581796,
      "loss": 0.14248576767577065
    }
  },
  "finetune": {
    "classifier": {
      "best_val_score": 0.9992070348309441
    },
    "val": {
      "accuracy": 0.9816666666666667,
      "precision": 0.9898305084745763,
      "recall": 0.9733333333333334,
      "f1": 0.9815126050420168,
      "f1_macro": 0.9816653934300993,
      "f1_weighted": 0.9816653934300992,
      "precision_0": 0.9737704918032787,
      "recall_0": 0.99,
      "precision_1": 0.9898305084745763,
      "recall_1": 0.9733333333333334,
      "pr_auc": 0.9992070348309441,
      "roc_auc": 0.9991888888888889,
      "loss": 0.03972483451167742
    },
    "test": {
      "accuracy": 0.9833333333333333,
      "precision": 0.9898648648648649,
      "recall": 0.9766666666666667,
      "f1": 0.9832214765100671,
      "f1_macro": 0.9833325925596693,
      "f1_weighted": 0.9833325925596693,
      "precision_0": 0.9769736842105263,
      "recall_0": 0.99,
      "precision_1": 0.9898648648648649,
      "recall_1": 0.9766666666666667,
      "pr_auc": 0.9995082263430286,
      "roc_auc": 0.999511111111111,
      "loss": 0.032989066609491906
    },
    "eval": {
      "data1_minus_4perc": {
        "accuracy": 0.9771527777777778,
        "precision": 0.9952261012183693,
        "recall": 0.9732586114717788,
        "f1": 0.9841197822141561,
        "f1_macro": 0.9717070256215787,
        "f1_weighted": 0.9773520714808474,
        "precision_0": 0.9326164357197845,
        "recall_0": 0.9875433054819646,
        "precision_1": 0.9952261012183693,
        "recall_1": 0.9732586114717788,
        "pr_auc": 0.9994163811557825,
        "roc_auc": 0.9984486760687612,
        "loss": 0.06495484718680382
      }
    }
  }
}