{
  "train": {
    "joint": {
      "best_val_score": 0.9999245858047959
    }
  },
  "val": {
    "accuracy": 0.9933333333333333,
    "precision": 0.996096291476903,
    "recall": 0.9946171693735499,
    "f1": 0.9953561809231912,
    "f1_macro": 0.9917721136130249,
    "f1_weighted": 0.9933371563384642,
    "precision_0": 0.9863239801933507,
    "recall_0": 0.9900591715976331,
    "precision_1": 0.996096291476903,
    "recall_1": 0.9946171693735499,
    "pr_auc": 0.9999245858047959,
    "roc_auc": 0.9998077952745095,
    "loss": 0.017056479249646265
  },
  "test": {
    "accuracy": 0.9929333333333333,
    "precision": 0.9961860465116279,
    "recall": 0.9939669574902543,
    "f1": 0.9950752648206653,
    "f1_macro": 0.9912846829058495,
    "f1_weighted": 0.9929393982643971,
    "precision_0": 0.9847058823529412,
    "recall_0": 0.9902981542830099,
    "precision_1": 0.9961860465116279,
    "recall_1": 0.9939669574902543,
    "pr_auc": 0.9997181187370879,
    "roc_auc": 0.9995315162064359,
    "loss": 0.022792849302788576
  },
  "eval": {
    "data2": {
      "accuracy": 0.7602006444648264,
      "precision": 0.8201347885727918,
      "recall": 0.8261856983213371,
      "f1": 0.8231491236471602,
      "f1_macro": 0.7254119909351113,
      "f1_weighted": 0.7597135573039197,
      "precision_0": 0.6325695996748628,
      "recall_0": 0.6228552848781952,
      "precision_1": 0.8201347885727918,
      "recall_1": 0.8261856983213371,
      "pr_auc": 0.8630008399074496,
      "roc_auc": 0.807211570449129,
      "loss": 7.869136829220943
    }
  },
  "finetune": {}
}