{
  "train": {
    "joint": {
      "best_val_score": 0.9994839248032396
    }
  },
  "val": {
    "accuracy": 0.9827922077922078,
    "precision": 0.9904450895016933,
    "recall": 0.9840182648401826,
    "f1": 0.9872212176009645,
    "f1_macro": 0.9804429069371282,
    "f1_weighted": 0.9828219179201175,
    "precision_0": 0.9671767028627838,
    "recall_0": 0.98024012006003,
    "precision_1": 0.9904450895016933,
    "recall_1": 0.9840182648401826,
    "pr_auc": 0.9994839248032396,
    "roc_auc": 0.9989162750084486,
    "loss": 0.04126837800269003
  },
  "test": {
    "accuracy": 0.9802775748721695,
    "precision": 0.986159585991094,
    "recall": 0.984619081951454,
    "f1": 0.9853887318862365,
    "f1_macro": 0.9775277200811785,
    "f1_weighted": 0.9802858690977571,
    "precision_0": 0.9680957128614157,
    "recall_0": 0.9712428107026757,
    "precision_1": 0.986159585991094,
    "recall_1": 0.984619081951454,
    "pr_auc": 0.999268731130461,
    "roc_auc": 0.9984746246643372,
    "loss": 0.047274278298068136
  },
  "eval": {
    "data1": {
      "accuracy": 0.9482933333333333,
      "precision": 0.9339003645200487,
      "recall": 0.9987006237006237,
      "f1": 0.9652141152831847,
      "f1_macro": 0.932266956909467,
      "f1_weighted": 0.9466512469599871,
      "precision_0": 0.9959746981023577,
      "recall_0": 0.8197652404392276,
      "precision_1": 0.9339003645200487,
      "recall_1": 0.9987006237006237,
      "pr_auc": 0.9975482819556993,
      "roc_auc": 0.9940767171733632,
      "loss": 0.14626773753960928
    }
  },
  "finetune": {}
}