{
  "train": {
    "contrastive": {
      "best_val_loss": 1.072894156519572
    },
    "classifier": {
      "best_val_score": 0.9999243439723999
    }
  },
  "val": {
    "accuracy": 0.9928,
    "precision": 0.9963704048394603,
    "recall": 0.9935962877030162,
    "f1": 0.9949814126394052,
    "f1_macro": 0.9911227817914008,
    "f1_weighted": 0.992807717261696,
    "precision_0": 0.9837837837837838,
    "recall_0": 0.9907692307692307,
    "precision_1": 0.9963704048394603,
    "recall_1": 0.9935962877030162,
    "pr_auc": 0.9999243439723999,
    "roc_auc": 0.9998067408943012,
    "loss": 0.016573822813729443
  },
  "test": {
    "accuracy": 0.9922666666666666,
    "precision": 0.9966449207828518,
    "recall": 0.9925747169110822,
    "f1": 0.9946056547619048,
    "f1_macro": 0.9904760853847189,
    "f1_weighted": 0.992278780070173,
    "precision_0": 0.9812646370023419,
    "recall_0": 0.9914813061997161,
    "precision_1": 0.9966449207828518,
    "recall_1": 0.9925747169110822,
    "pr_auc": 0.9999096673569722,
    "roc_auc": 0.9997697389141499,
    "loss": 0.018224926015237966
  },
  "eval": {
    "data2_minus_5perc": {
      "accuracy": 0.7824816520424117,
      "precision": 0.8087285456187895,
      "recall": 0.8936873759998003,
      "f1": 0.8490880314876617,
      "f1_macro": 0.7298586903633919,
      "f1_weighted": 0.7739053867132146,
      "precision_0": 0.7008742056665379,
      "recall_0": 0.5409733889762073,
      "precision_1": 0.8087285456187895,
      "recall_1": 0.8936873759998003,
      "pr_auc": 0.895216332425235,
      "roc_auc": 0.8356197542936747,
      "loss": 2.085065483618144
    }
  },
  "finetune": {
    "classifier": {
      "best_val_score": 0.9943041859181718
    },
    "val": {
      "accuracy": 0.9642857142857143,
      "precision": 0.9583333333333334,
      "recall": 0.9707792207792207,
      "f1": 0.964516129032258,
      "f1_macro": 0.9642842083069787,
      "f1_weighted": 0.9642842083069786,
      "precision_0": 0.9703947368421053,
      "recall_0": 0.9577922077922078,
      "precision_1": 0.9583333333333334,
      "recall_1": 0.9707792207792207,
      "pr_auc": 0.9943041859181718,
      "roc_auc": 0.9936224489795917,
      "loss": 0.1070372076197104
    },
    "test": {
      "accuracy": 0.9496753246753247,
      "precision": 0.9570957095709571,
      "recall": 0.9415584415584416,
      "f1": 0.9492635024549918,
      "f1_macro": 0.9496720088764492,
      "f1_weighted": 0.9496720088764493,
      "precision_0": 0.9424920127795527,
      "recall_0": 0.9577922077922078,
      "precision_1": 0.9570957095709571,
      "recall_1": 0.9415584415584416,
      "pr_auc": 0.991622545684954,
      "roc_auc": 0.9914720020239501,
      "loss": 0.12626662618154055
    },
    "eval": {
      "data2_minus_5perc": {
        "accuracy": 0.946335961996873,
        "precision": 0.9791872112939223,
        "recall": 0.9416403588674961,
        "f1": 0.9600468166580793,
        "f1_macro": 0.9391724385981709,
        "f1_weighted": 0.9468840252196039,
        "precision_0": 0.8830018761726078,
        "recall_0": 0.9565335212183621,
        "precision_1": 0.9791872112939223,
        "recall_1": 0.9416403588674961,
        "pr_auc": 0.9951514973514866,
        "roc_auc": 0.9897345149609023,
        "loss": 0.1265182340064547
      }
    }
  }
}