{
  "train": {
    "contrastive": {
      "best_val_loss": Infinity
    },
    "classifier": {
      "best_val_score": 0.9999212121140459
    }
  },
  "val": {
    "accuracy": 0.9934666666666667,
    "precision": 0.993711273467123,
    "recall": 0.997215777262181,
    "f1": 0.9954604409857328,
    "f1_macro": 0.991905208605087,
    "f1_weighted": 0.993457660077969,
    "precision_0": 0.9928349653689993,
    "recall_0": 0.983905325443787,
    "precision_1": 0.993711273467123,
    "recall_1": 0.997215777262181,
    "pr_auc": 0.9999212121140459,
    "roc_auc": 0.9997995579291314,
    "loss": 0.017533383210003375
  },
  "test": {
    "accuracy": 0.9922,
    "precision": 0.9928776246415688,
    "recall": 0.9962873584555412,
    "f1": 0.9945795691452397,
    "f1_macro": 0.9903379129148658,
    "f1_weighted": 0.992189537247965,
    "precision_0": 0.9904511816662688,
    "recall_0": 0.981779460482726,
    "precision_1": 0.9928776246415688,
    "recall_1": 0.9962873584555412,
    "pr_auc": 0.9999081531011635,
    "roc_auc": 0.9997692557260642,
    "loss": 0.017981122398376466
  },
  "eval": {
    "data2_minus_5perc": {
      "accuracy": 0.690635065745068,
      "precision": 0.8217330169610686,
      "recall": 0.7000536554323006,
      "f1": 0.7560287032981842,
      "f1_macro": 0.6666884654098746,
      "f1_weighted": 0.6996932802732377,
      "precision_0": 0.5071049232094158,
      "recall_0": 0.6701804780228714,
      "precision_1": 0.8217330169610686,
      "recall_1": 0.7000536554323006,
      "pr_auc": 0.8578963384313176,
      "roc_auc": 0.7583397105739716,
      "loss": 2.676278641333845
    }
  },
  "finetune": {
    "classifier": {
      "best_val_score": 0.9930857221904394
    },
    "val": {
      "accuracy": 0.9577922077922078,
      "precision": 0.9638157894736842,
      "recall": 0.9512987012987013,
      "f1": 0.9575163398692811,
      "f1_macro": 0.9577904279991567,
      "f1_weighted": 0.9577904279991568,
      "precision_0": 0.9519230769230769,
      "recall_0": 0.9642857142857143,
      "precision_1": 0.9638157894736842,
      "recall_1": 0.9512987012987013,
      "pr_auc": 0.9930857221904394,
      "roc_auc": 0.9915774160904032,
      "loss": 0.11841912964334736
    },
    "test": {
      "accuracy": 0.9448051948051948,
      "precision": 0.9335443037974683,
      "recall": 0.9577922077922078,
      "f1": 0.9455128205128205,
      "f1_macro": 0.9447958839406208,
      "f1_weighted": 0.944795883940621,
      "precision_0": 0.9566666666666667,
      "recall_0": 0.9318181818181818,
      "precision_1": 0.9335443037974683,
      "recall_1": 0.9577922077922078,
      "pr_auc": 0.9878378988156469,
      "roc_auc": 0.9876665542249958,
      "loss": 0.15259010954336685
    },
    "eval": {
      "data2_minus_5perc": {
        "accuracy": 0.9454473996736242,
        "precision": 0.9783386946145066,
        "recall": 0.9411661945820491,
        "f1": 0.9593925093966433,
        "f1_macro": 0.9381537492655899,
        "f1_weighted": 0.9459999489469602,
        "precision_0": 0.8819686084061381,
        "recall_0": 0.9547450002709881,
        "precision_1": 0.9783386946145066,
        "recall_1": 0.9411661945820491,
        "pr_auc": 0.9949090014169242,
        "roc_auc": 0.9890907952407179,
        "loss": 0.1321235178555928
      }
    }
  }
}