{
  "train": {
    "joint": {
      "best_val_score": 0.9995154516250763
    }
  },
  "val": {
    "accuracy": 0.9823863636363637,
    "precision": 0.9884295528504279,
    "recall": 0.9854602259072338,
    "f1": 0.9869426559961489,
    "f1_macro": 0.9799443363511476,
    "f1_weighted": 0.9824005647720069,
    "precision_0": 0.9699229430773055,
    "recall_0": 0.9759879939969985,
    "precision_1": 0.9884295528504279,
    "recall_1": 0.9854602259072338,
    "pr_auc": 0.9995154516250763,
    "roc_auc": 0.998982668455112,
    "loss": 0.039470385435920255
  },
  "test": {
    "accuracy": 0.9809268728187647,
    "precision": 0.9878151767402582,
    "recall": 0.9838981014179283,
    "f1": 0.9858527481789175,
    "f1_macro": 0.978295568461268,
    "f1_weighted": 0.9809471136215147,
    "precision_0": 0.966765873015873,
    "recall_0": 0.9747436859214804,
    "precision_1": 0.9878151767402582,
    "recall_1": 0.9838981014179283,
    "pr_auc": 0.9993199012835338,
    "roc_auc": 0.9985792831288812,
    "loss": 0.04648951369830346
  },
  "eval": {
    "data1_minus_1perc": {
      "accuracy": 0.9638383838383838,
      "precision": 0.9653113553113553,
      "recall": 0.9852141241564948,
      "f1": 0.9751611978130753,
      "f1_macro": 0.9543528682924743,
      "f1_weighted": 0.9635292715493438,
      "precision_0": 0.9597455470737913,
      "recall_0": 0.9087360863489616,
      "precision_1": 0.9653113553113553,
      "recall_1": 0.9852141241564948,
      "pr_auc": 0.9971812402870104,
      "roc_auc": 0.9931364856691917,
      "loss": 0.10863412801173801
    }
  },
  "finetune": {
    "classifier": {
      "best_val_score": 0.9992957216957216
    },
    "val": {
      "accuracy": 0.9866666666666667,
      "precision": 0.974025974025974,
      "recall": 1.0,
      "f1": 0.9868421052631579,
      "f1_macro": 0.9866642958748222,
      "f1_weighted": 0.9866642958748222,
      "precision_0": 1.0,
      "recall_0": 0.9733333333333334,
      "precision_1": 0.974025974025974,
      "recall_1": 1.0,
      "pr_auc": 0.9992957216957216,
      "roc_auc": 0.9992888888888889,
      "loss": 0.06088893860578537
    },
    "test": {
      "accuracy": 0.9733333333333334,
      "precision": 0.961038961038961,
      "recall": 0.9866666666666667,
      "f1": 0.9736842105263158,
      "f1_macro": 0.9733285917496444,
      "f1_weighted": 0.9733285917496445,
      "precision_0": 0.9863013698630136,
      "recall_0": 0.96,
      "precision_1": 0.961038961038961,
      "recall_1": 0.9866666666666667,
      "pr_auc": 0.9993248945147678,
      "roc_auc": 0.9992888888888889,
      "loss": 0.05661085620522499
    },
    "eval": {
      "data1_minus_1perc": {
        "accuracy": 0.9773737373737373,
        "precision": 0.976995728698726,
        "recall": 0.991952819784287,
        "f1": 0.9844174635711834,
        "f1_macro": 0.9715633167881723,
        "f1_weighted": 0.9772319522395249,
        "precision_0": 0.9784037323166449,
        "recall_0": 0.9397918373247242,
        "precision_1": 0.976995728698726,
        "recall_1": 0.991952819784287,
        "pr_auc": 0.9989988810792264,
        "roc_auc": 0.9974951031042235,
        "loss": 0.06451862829612562
      }
    }
  }
}