{
  "train": {
    "joint": {
      "best_val_score": 0.9992358105671094
    }
  },
  "val": {
    "accuracy": 0.9799512987012987,
    "precision": 0.9833592721178019,
    "recall": 0.9870223503965393,
    "f1": 0.9851874062968515,
    "f1_macro": 0.9770883673041069,
    "f1_weighted": 0.979930919625911,
    "precision_0": 0.97277539702546,
    "recall_0": 0.965232616308154,
    "precision_1": 0.9833592721178019,
    "recall_1": 0.9870223503965393,
    "pr_auc": 0.9992358105671094,
    "roc_auc": 0.9983954666590686,
    "loss": 0.05483938362207506
  },
  "test": {
    "accuracy": 0.9799529258988718,
    "precision": 0.9809410363311495,
    "recall": 0.9895457822638789,
    "f1": 0.9852246216426392,
    "f1_macro": 0.9770287146068086,
    "f1_weighted": 0.979904366430191,
    "precision_0": 0.977840040753948,
    "recall_0": 0.9599899974993749,
    "precision_1": 0.9809410363311495,
    "recall_1": 0.9895457822638789,
    "pr_auc": 0.9991601989981512,
    "roc_auc": 0.9982417347908235,
    "loss": 0.05884144921785496
  },
  "eval": {
    "data1": {
      "accuracy": 0.9544333333333334,
      "precision": 0.9448112916449938,
      "recall": 0.994663275913276,
      "f1": 0.9690965895475487,
      "f1_macro": 0.9411938603794678,
      "f1_weighted": 0.9533758198978631,
      "precision_0": 0.9842771594979629,
      "recall_0": 0.8518553578190079,
      "precision_1": 0.9448112916449938,
      "recall_1": 0.994663275913276,
      "pr_auc": 0.9968211671434167,
      "roc_auc": 0.9922507519708954,
      "loss": 0.1554049039665858
    }
  },
  "finetune": {}
}