{
  "train": {
    "joint": {
      "best_val_score": 0.9999154554960218
    }
  },
  "val": {
    "accuracy": 0.9938,
    "precision": 0.9960988296488946,
    "recall": 0.9952668213457077,
    "f1": 0.9956826516874797,
    "f1_macro": 0.9923442221671823,
    "f1_weighted": 0.9938020030577122,
    "precision_0": 0.987954652810581,
    "recall_0": 0.9900591715976331,
    "precision_1": 0.9960988296488946,
    "recall_1": 0.9952668213457077,
    "pr_auc": 0.9999154554960218,
    "roc_auc": 0.9997848844712312,
    "loss": 0.01708209585150083
  },
  "test": {
    "accuracy": 0.9932,
    "precision": 0.9956344046070964,
    "recall": 0.9948951178763691,
    "f1": 0.9952646239554318,
    "f1_macro": 0.9916039431833896,
    "f1_weighted": 0.9932019523630784,
    "precision_0": 0.9870099196976854,
    "recall_0": 0.9888783719829626,
    "precision_1": 0.9956344046070964,
    "recall_1": 0.9948951178763691,
    "pr_auc": 0.9998748203498483,
    "roc_auc": 0.9996903752711014,
    "loss": 0.01896912802060445
  },
  "eval": {
    "data2": {
      "accuracy": 0.6992199865263021,
      "precision": 0.8170691502513805,
      "recall": 0.7147354634046695,
      "f1": 0.7624840564290246,
      "f1_macro": 0.6762512662686573,
      "f1_weighted": 0.7065152989118895,
      "precision_0": 0.5290149786727507,
      "recall_0": 0.6669251163023361,
      "precision_1": 0.8170691502513805,
      "recall_1": 0.7147354634046695,
      "pr_auc": 0.8581775851443777,
      "roc_auc": 0.7800792692299907,
      "loss": 2.3319300545429518
    }
  },
  "finetune": {}
}