{
  "train": {
    "joint": {
      "best_val_score": 0.9994631754849924
    }
  },
  "val": {
    "accuracy": 0.9816558441558442,
    "precision": 0.9808743169398907,
    "recall": 0.9921893775534727,
    "f1": 0.9864994026284349,
    "f1_macro": 0.978945903845863,
    "f1_weighted": 0.9815969857237722,
    "precision_0": 0.9833418759610456,
    "recall_0": 0.9597298649324663,
    "precision_1": 0.9808743169398907,
    "recall_1": 0.9921893775534727,
    "pr_auc": 0.9994631754849924,
    "roc_auc": 0.9988703496184526,
    "loss": 0.04246933866630901
  },
  "test": {
    "accuracy": 0.9803587371154938,
    "precision": 0.9786729857819905,
    "recall": 0.9925498678202355,
    "f1": 0.985562582030784,
    "f1_macro": 0.9774259610661533,
    "f1_weighted": 0.9802808115190468,
    "precision_0": 0.9840247358928111,
    "recall_0": 0.9549887471867967,
    "precision_1": 0.9786729857819905,
    "recall_1": 0.9925498678202355,
    "pr_auc": 0.99937534364906,
    "roc_auc": 0.998695900843752,
    "loss": 0.04610679521821104
  },
  "eval": {
    "data1": {
      "accuracy": 0.95312,
      "precision": 0.9402210022030283,
      "recall": 0.9981994356994357,
      "f1": 0.968343147317811,
      "f1_macro": 0.9390182372434333,
      "f1_weighted": 0.9518211019831055,
      "precision_0": 0.994552398068067,
      "recall_0": 0.838176826959485,
      "precision_1": 0.9402210022030283,
      "recall_1": 0.9981994356994357,
      "pr_auc": 0.9982358331143589,
      "roc_auc": 0.9955902651858554,
      "loss": 0.12031383823951085
    }
  },
  "finetune": {}
}