{
  "train": {
    "joint": {
      "best_val_score": 0.9999043944700804
    }
  },
  "val": {
    "accuracy": 0.9919333333333333,
    "precision": 0.9957193374278801,
    "recall": 0.9930394431554525,
    "f1": 0.9943775846847266,
    "f1_macro": 0.9900535169561149,
    "f1_weighted": 0.9919416931976086,
    "precision_0": 0.9823695345557123,
    "recall_0": 0.989112426035503,
    "precision_1": 0.9957193374278801,
    "recall_1": 0.9930394431554525,
    "pr_auc": 0.9999043944700804,
    "roc_auc": 0.9997571410919973,
    "loss": 0.018248879352708657
  },
  "test": {
    "accuracy": 0.9917333333333334,
    "precision": 0.9954410122813546,
    "recall": 0.9930387971041396,
    "f1": 0.9942384536753089,
    "f1_macro": 0.9898061813080484,
    "f1_weighted": 0.9917410159387698,
    "precision_0": 0.9823612417685795,
    "recall_0": 0.9884051112162802,
    "precision_1": 0.9954410122813546,
    "recall_1": 0.9930387971041396,
    "pr_auc": 0.9998910753941918,
    "roc_auc": 0.9997206953234685,
    "loss": 0.01960577533394098
  },
  "eval": {
    "data2": {
      "accuracy": 0.7025315941981932,
      "precision": 0.8347228610855566,
      "recall": 0.6977806082599344,
      "f1": 0.7601332556663111,
      "f1_macro": 0.6843276060742869,
      "f1_weighted": 0.7109321569594889,
      "precision_0": 0.5310711289270066,
      "recall_0": 0.7124205892651694,
      "precision_1": 0.8347228610855566,
      "recall_1": 0.6977806082599344,
      "pr_auc": 0.8709672339696662,
      "roc_auc": 0.7987163783970026,
      "loss": 3.345982126340755
    }
  },
  "finetune": {}
}