{
  "train": {
    "joint": {
      "best_val_score": 0.9994475780458938
    }
  },
  "val": {
    "accuracy": 0.9827922077922078,
    "precision": 0.9872626772410478,
    "recall": 0.9872626772410478,
    "f1": 0.9872626772410478,
    "f1_macro": 0.9803747103063668,
    "f1_weighted": 0.9827922077922078,
    "precision_0": 0.9734867433716858,
    "recall_0": 0.9734867433716858,
    "precision_1": 0.9872626772410478,
    "recall_1": 0.9872626772410478,
    "pr_auc": 0.9994475780458938,
    "roc_auc": 0.9988351541788678,
    "loss": 0.041569870028209374
  },
  "test": {
    "accuracy": 0.9808457105754403,
    "precision": 0.9832655988524982,
    "recall": 0.9884643114635905,
    "f1": 0.9858581016299137,
    "f1_macro": 0.9780937478227516,
    "f1_weighted": 0.9808179829910304,
    "precision_0": 0.9757269279393174,
    "recall_0": 0.964991247811953,
    "precision_1": 0.9832655988524982,
    "recall_1": 0.9884643114635905,
    "pr_auc": 0.999325865027707,
    "roc_auc": 0.9985850824638388,
    "loss": 0.04615135240697278
  },
  "eval": {
    "data1": {
      "accuracy": 0.9529666666666666,
      "precision": 0.9466926933144049,
      "recall": 0.9902825215325215,
      "f1": 0.967997133123761,
      "f1_macro": 0.9396559435904533,
      "f1_weighted": 0.9520293290581682,
      "precision_0": 0.9719265317066631,
      "recall_0": 0.8578190079515335,
      "precision_1": 0.9466926933144049,
      "recall_1": 0.9902825215325215,
      "pr_auc": 0.9968796979401806,
      "roc_auc": 0.9922853797702933,
      "loss": 0.13368242229739824
    }
  },
  "finetune": {}
}