{
  "train": {
    "joint": {
      "best_val_score": 0.9995154516250763
    }
  },
  "val": {
    "accuracy": 0.9823863636363637,
    "precision": 0.9884295528504279,
    "recall": 0.9854602259072338,
    "f1": 0.9869426559961489,
    "f1_macro": 0.9799443363511476,
    "f1_weighted": 0.9824005647720069,
    "precision_0": 0.9699229430773055,
    "recall_0": 0.9759879939969985,
    "precision_1": 0.9884295528504279,
    "recall_1": 0.9854602259072338,
    "pr_auc": 0.9995154516250763,
    "roc_auc": 0.998982668455112,
    "loss": 0.039470385435920255
  },
  "test": {
    "accuracy": 0.9809268728187647,
    "precision": 0.9878151767402582,
    "recall": 0.9838981014179283,
    "f1": 0.9858527481789175,
    "f1_macro": 0.978295568461268,
    "f1_weighted": 0.9809471136215147,
    "precision_0": 0.966765873015873,
    "recall_0": 0.9747436859214804,
    "precision_1": 0.9878151767402582,
    "recall_1": 0.9838981014179283,
    "pr_auc": 0.9993199012835338,
    "roc_auc": 0.9985792831288812,
    "loss": 0.04648951369830346
  },
  "eval": {
    "data1_minus_5perc": {
      "accuracy": 0.9643157894736842,
      "precision": 0.966573894995047,
      "recall": 0.9851722214743158,
      "f1": 0.9757844458519256,
      "f1_macro": 0.953997194196843,
      "f1_weighted": 0.9640098505925487,
      "precision_0": 0.9577592110669771,
      "recall_0": 0.9079883654495403,
      "precision_1": 0.966573894995047,
      "recall_1": 0.9851722214743158,
      "pr_auc": 0.9973015293908893,
      "roc_auc": 0.9931176027808043,
      "loss": 0.10655224963332477
    }
  },
  "finetune": {
    "classifier": {
      "best_val_score": 0.9995293532697428
    },
    "val": {
      "accuracy": 0.9893333333333333,
      "precision": 0.986737400530504,
      "recall": 0.992,
      "f1": 0.9893617021276596,
      "f1_macro": 0.9893332574809421,
      "f1_weighted": 0.9893332574809421,
      "precision_0": 0.9919571045576407,
      "recall_0": 0.9866666666666667,
      "precision_1": 0.986737400530504,
      "recall_1": 0.992,
      "pr_auc": 0.9995293532697428,
      "roc_auc": 0.9995235555555555,
      "loss": 0.029052683015664417
    },
    "test": {
      "accuracy": 0.98,
      "precision": 0.9639175257731959,
      "recall": 0.9973333333333333,
      "f1": 0.9803407601572739,
      "f1_macro": 0.9799939893052312,
      "f1_weighted": 0.9799939893052312,
      "precision_0": 0.9972375690607734,
      "recall_0": 0.9626666666666667,
      "precision_1": 0.9639175257731959,
      "recall_1": 0.9973333333333333,
      "pr_auc": 0.9985126168337817,
      "roc_auc": 0.9985280000000001,
      "loss": 0.05690750390291214
    },
    "eval": {
      "data1_minus_5perc": {
        "accuracy": 0.9874385964912281,
        "precision": 0.9922267814829798,
        "recall": 0.9905475315883608,
        "f1": 0.9913864454410717,
        "f1_macro": 0.9840981561298741,
        "f1_weighted": 0.987447598167851,
        "precision_0": 0.974587663512745,
        "recall_0": 0.9790422271853737,
        "precision_1": 0.9922267814829798,
        "recall_1": 0.9905475315883608,
        "pr_auc": 0.9997050006569304,
        "roc_auc": 0.9992042228301149,
        "loss": 0.0326591173604915
      }
    }
  }
}