{
  "train": {
    "joint": {
      "best_val_score": 0.9993168884803992
    }
  },
  "val": {
    "accuracy": 0.9804383116883116,
    "precision": 0.9825630001194315,
    "recall": 0.9885844748858448,
    "f1": 0.9855645402815214,
    "f1_macro": 0.9776154985863239,
    "f1_weighted": 0.9804054057527228,
    "precision_0": 0.9759310869014441,
    "recall_0": 0.9634817408704353,
    "precision_1": 0.9825630001194315,
    "recall_1": 0.9885844748858448,
    "pr_auc": 0.9993168884803992,
    "roc_auc": 0.9985571372564435,
    "loss": 0.04764669565604879
  },
  "test": {
    "accuracy": 0.9780861943024105,
    "precision": 0.9790575916230366,
    "recall": 0.988704638308099,
    "f1": 0.983857467415999,
    "f1_macro": 0.9748746659970344,
    "f1_weighted": 0.9780264110286215,
    "precision_0": 0.9760020423793719,
    "recall_0": 0.9559889972493123,
    "precision_1": 0.9790575916230366,
    "recall_1": 0.988704638308099,
    "pr_auc": 0.9991200136685685,
    "roc_auc": 0.9981827348209319,
    "loss": 0.0541537368809793
  },
  "eval": {
    "data1": {
      "accuracy": 0.95292,
      "precision": 0.944378729564634,
      "recall": 0.9929369616869617,
      "f1": 0.968049296921657,
      "f1_macro": 0.9393125986203787,
      "f1_weighted": 0.9518586579427395,
      "precision_0": 0.9792733413225841,
      "recall_0": 0.8508850814085573,
      "precision_1": 0.944378729564634,
      "recall_1": 0.9929369616869617,
      "pr_auc": 0.9946520478291225,
      "roc_auc": 0.9881593618681251,
      "loss": 0.201277096020778
    }
  },
  "finetune": {}
}