{
  "train": {
    "joint": {
      "best_val_score": 0.9999069687402484
    }
  },
  "val": {
    "accuracy": 0.9925333333333334,
    "precision": 0.9933376515221616,
    "recall": 0.9962877030162413,
    "f1": 0.9948104902233342,
    "f1_macro": 0.9907528336124987,
    "f1_weighted": 0.9925246769992302,
    "precision_0": 0.9904602909611256,
    "recall_0": 0.9829585798816568,
    "precision_1": 0.9933376515221616,
    "recall_1": 0.9962877030162413,
    "pr_auc": 0.9999069687402484,
    "roc_auc": 0.9997629401831436,
    "loss": 0.01983039962897698
  },
  "test": {
    "accuracy": 0.9924,
    "precision": 0.9934271431216442,
    "recall": 0.9960089103397067,
    "f1": 0.9947163515016685,
    "f1_macro": 0.9905917939844524,
    "f1_weighted": 0.992392300825968,
    "precision_0": 0.9897570271557885,
    "recall_0": 0.9831992427827733,
    "precision_1": 0.9934271431216442,
    "recall_1": 0.9960089103397067,
    "pr_auc": 0.9999041466227013,
    "roc_auc": 0.9997548918620672,
    "loss": 0.020069941767056784
  },
  "eval": {
    "data2": {
      "accuracy": 0.7025965276819558,
      "precision": 0.8305890702625975,
      "recall": 0.7031278162963676,
      "f1": 0.7615620383806965,
      "f1_macro": 0.6832234627122116,
      "f1_weighted": 0.7107169626540119,
      "precision_0": 0.5316664455102079,
      "recall_0": 0.7014906708018608,
      "precision_1": 0.8305890702625975,
      "recall_1": 0.7031278162963676,
      "pr_auc": 0.868712826051733,
      "roc_auc": 0.7792073765959249,
      "loss": 3.0128945392121507
    }
  },
  "finetune": {}
}