{
  "train": {
    "contrastive": {
      "best_val_loss": 1.2163224529910397
    },
    "classifier": {
      "best_val_score": 0.9995118880933462
    }
  },
  "val": {
    "accuracy": 0.9832792207792208,
    "precision": 0.9887978800289087,
    "recall": 0.9864215332852679,
    "f1": 0.9876082771896054,
    "f1_macro": 0.9809548371975971,
    "f1_weighted": 0.9832900218181688,
    "precision_0": 0.9718765555002489,
    "recall_0": 0.9767383691845923,
    "precision_1": 0.9887978800289087,
    "recall_1": 0.9864215332852679,
    "pr_auc": 0.9995118880933462,
    "roc_auc": 0.9989779797372851,
    "loss": 0.038890804364890244
  },
  "test": {
    "accuracy": 0.9817384952520087,
    "precision": 0.9866570501262171,
    "recall": 0.9863013698630136,
    "f1": 0.9864791779340184,
    "f1_macro": 0.9791788465598101,
    "f1_weighted": 0.9817402727858228,
    "precision_0": 0.9715142428785607,
    "recall_0": 0.9722430607651913,
    "precision_1": 0.9866570501262171,
    "recall_1": 0.9863013698630136,
    "pr_auc": 0.9993416161293422,
    "roc_auc": 0.9986249265993498,
    "loss": 0.044375233972725865
  },
  "eval": {
    "data1_minus_2perc": {
      "accuracy": 0.971204081632653,
      "precision": 0.9671988495323935,
      "recall": 0.9938631828620911,
      "f1": 0.9803497402711949,
      "f1_macro": 0.9632415639497811,
      "f1_weighted": 0.9708631983098951,
      "precision_0": 0.9827636344410078,
      "recall_0": 0.9121356364707037,
      "precision_1": 0.9671988495323935,
      "recall_1": 0.9938631828620911,
      "pr_auc": 0.9983130859955186,
      "roc_auc": 0.9957407492416519,
      "loss": 0.07823997643463262
    }
  },
  "finetune": {
    "classifier": {
      "best_val_score": 0.9985257343777605
    },
    "val": {
      "accuracy": 0.98,
      "precision": 0.98,
      "recall": 0.98,
      "f1": 0.98,
      "f1_macro": 0.98,
      "f1_weighted": 0.98,
      "precision_0": 0.98,
      "recall_0": 0.98,
      "precision_1": 0.98,
      "recall_1": 0.98,
      "pr_auc": 0.9985257343777605,
      "roc_auc": 0.9984444444444445,
      "loss": 0.05456102381149928
    },
    "test": {
      "accuracy": 0.9966666666666667,
      "precision": 1.0,
      "recall": 0.9933333333333333,
      "f1": 0.9966555183946488,
      "f1_macro": 0.9966666296292181,
      "f1_weighted": 0.996666629629218,
      "precision_0": 0.9933774834437086,
      "recall_0": 1.0,
      "precision_1": 1.0,
      "recall_1": 0.9933333333333333,
      "pr_auc": 0.9999122807017544,
      "roc_auc": 0.9999111111111111,
      "loss": 0.019432736285768137
    },
    "eval": {
      "data1_minus_2perc": {
        "accuracy": 0.9825238095238096,
        "precision": 0.9949396094906192,
        "recall": 0.9808083279996989,
        "f1": 0.9878234326639144,
        "f1_macro": 0.9784397273171297,
        "f1_weighted": 0.982620136131757,
        "precision_0": 0.9517567727434048,
        "recall_0": 0.986995779762489,
        "precision_1": 0.9949396094906192,
        "recall_1": 0.9808083279996989,
        "pr_auc": 0.9995874027362601,
        "roc_auc": 0.9989573881969321,
        "loss": 0.04416376697256857
      }
    }
  }
}