{
  "train": {
    "joint": {
      "best_val_score": 0.9993128490482438
    }
  },
  "val": {
    "accuracy": 0.9734577922077922,
    "precision": 0.9949238578680203,
    "recall": 0.9656332612352799,
    "f1": 0.9800597597414477,
    "f1_macro": 0.9701900546067995,
    "f1_weighted": 0.9736540647530836,
    "precision_0": 0.9325948621258543,
    "recall_0": 0.9897448724362181,
    "precision_1": 0.9949238578680203,
    "recall_1": 0.9656332612352799,
    "pr_auc": 0.9993128490482438,
    "roc_auc": 0.9985533502151219,
    "loss": 0.060946485487284596
  },
  "test": {
    "accuracy": 0.9728106484863241,
    "precision": 0.9932073607508954,
    "recall": 0.9663542417688056,
    "f1": 0.9795968085754309,
    "f1_macro": 0.9694287095291115,
    "f1_weighted": 0.9729963332753365,
    "precision_0": 0.9337121212121212,
    "recall_0": 0.9862465616404101,
    "precision_1": 0.9932073607508954,
    "recall_1": 0.9663542417688056,
    "pr_auc": 0.9991725090938218,
    "roc_auc": 0.9982707164414272,
    "loss": 0.06135324101242616
  },
  "eval": {
    "data1": {
      "accuracy": 0.9609666666666666,
      "precision": 0.9734047001756293,
      "recall": 0.972221190971191,
      "f1": 0.9728125856136555,
      "f1_macro": 0.95181985329027,
      "f1_weighted": 0.9609850003195624,
      "precision_0": 0.9293887276759384,
      "recall_0": 0.9322699734948883,
      "precision_1": 0.9734047001756293,
      "recall_1": 0.972221190971191,
      "pr_auc": 0.9967376872851371,
      "roc_auc": 0.992113223019411,
      "loss": 0.09824583529631296
    }
  },
  "finetune": {}
}