{
  "train": {
    "joint": {
      "best_val_score": 0.9999279462159478
    }
  },
  "val": {
    "accuracy": 0.9937333333333334,
    "precision": 0.9955460703349727,
    "recall": 0.9957308584686775,
    "f1": 0.9956384558277654,
    "f1_macro": 0.9922557809441858,
    "f1_weighted": 0.9937328823100154,
    "precision_0": 0.9891072697134738,
    "recall_0": 0.9886390532544379,
    "precision_1": 0.9955460703349727,
    "recall_1": 0.9957308584686775,
    "pr_auc": 0.9999279462159478,
    "roc_auc": 0.9998164060462116,
    "loss": 0.01580550292879343
  },
  "test": {
    "accuracy": 0.9932,
    "precision": 0.995266382030815,
    "recall": 0.995266382030815,
    "f1": 0.995266382030815,
    "f1_macro": 0.9915991162402064,
    "f1_weighted": 0.9932,
    "precision_0": 0.9879318504495977,
    "recall_0": 0.9879318504495977,
    "precision_1": 0.995266382030815,
    "recall_1": 0.995266382030815,
    "pr_auc": 0.9999203145328049,
    "roc_auc": 0.999795677329105,
    "loss": 0.01688787504583597
  },
  "eval": {
    "data2": {
      "accuracy": 0.7122147999642866,
      "precision": 0.8040381408257056,
      "recall": 0.7589190228427921,
      "f1": 0.7808273372400663,
      "f1_macro": 0.6809470240091202,
      "f1_weighted": 0.7160007553613833,
      "precision_0": 0.5506808205679476,
      "recall_0": 0.6150017507878546,
      "precision_1": 0.8040381408257056,
      "recall_1": 0.7589190228427921,
      "pr_auc": 0.8704078797745944,
      "roc_auc": 0.7896864341347833,
      "loss": 1.8199484570299662
    }
  },
  "finetune": {}
}