{
  "train": {
    "joint": {
      "best_val_score": 0.9998846642076028
    }
  },
  "val": {
    "accuracy": 0.9925333333333334,
    "precision": 0.9929727230698104,
    "recall": 0.9966589327146171,
    "f1": 0.9948124131542381,
    "f1_macro": 0.9907474669813996,
    "f1_weighted": 0.9925224934768725,
    "precision_0": 0.9913978494623656,
    "recall_0": 0.9820118343195267,
    "precision_1": 0.9929727230698104,
    "recall_1": 0.9966589327146171,
    "pr_auc": 0.9998846642076028,
    "roc_auc": 0.9997092107250237,
    "loss": 0.018977656062940756
  },
  "test": {
    "accuracy": 0.9918666666666667,
    "precision": 0.992874329076439,
    "recall": 0.9958232782624837,
    "f1": 0.9943466172381835,
    "f1_macro": 0.9899286530371441,
    "f1_weighted": 0.9918572416763711,
    "precision_0": 0.9892703862660944,
    "recall_0": 0.981779460482726,
    "precision_1": 0.992874329076439,
    "recall_1": 0.9958232782624837,
    "pr_auc": 0.9998269688638699,
    "roc_auc": 0.9995632528784174,
    "loss": 0.021783922590812046
  },
  "eval": {
    "data2_minus_5perc": {
      "accuracy": 0.7755696624317558,
      "precision": 0.8502932494115505,
      "recall": 0.8158745211564618,
      "f1": 0.8327283842127383,
      "f1_macro": 0.7458990275336352,
      "f1_weighted": 0.7779762517456578,
      "precision_0": 0.6324415882030588,
      "recall_0": 0.6880385886943797,
      "precision_1": 0.8502932494115505,
      "recall_1": 0.8158745211564618,
      "pr_auc": 0.9020676374226104,
      "roc_auc": 0.8480309027530186,
      "loss": 0.9294084879159815
    }
  },
  "finetune": {
    "classifier": {
      "best_val_score": 0.9896571996111574
    },
    "val": {
      "accuracy": 0.939935064935065,
      "precision": 0.9385113268608414,
      "recall": 0.9415584415584416,
      "f1": 0.940032414910859,
      "f1_macro": 0.9399349066424214,
      "f1_weighted": 0.9399349066424213,
      "precision_0": 0.9413680781758957,
      "recall_0": 0.9383116883116883,
      "precision_1": 0.9385113268608414,
      "recall_1": 0.9415584415584416,
      "pr_auc": 0.9896571996111574,
      "roc_auc": 0.9892266824085005,
      "loss": 0.13733070604986958
    },
    "test": {
      "accuracy": 0.9366883116883117,
      "precision": 0.9381107491856677,
      "recall": 0.935064935064935,
      "f1": 0.9365853658536586,
      "f1_macro": 0.936688144839309,
      "f1_weighted": 0.9366881448393091,
      "precision_0": 0.9352750809061489,
      "recall_0": 0.9383116883116883,
      "precision_1": 0.9381107491856677,
      "recall_1": 0.935064935064935,
      "pr_auc": 0.9874677342152267,
      "roc_auc": 0.9871078596727947,
      "loss": 0.15077011558142575
    },
    "eval": {
      "data2_minus_5perc": {
        "accuracy": 0.9333663696248388,
        "precision": 0.9746102975909305,
        "recall": 0.9268289639510363,
        "f1": 0.9501192813697211,
        "f1_macro": 0.9248943312281305,
        "f1_weighted": 0.934213142427196,
        "precision_0": 0.8563836300849844,
        "recall_0": 0.9475638176792586,
        "precision_1": 0.9746102975909305,
        "recall_1": 0.9268289639510363,
        "pr_auc": 0.9930946612678097,
        "roc_auc": 0.9856538927115108,
        "loss": 0.15677536306278214
      }
    }
  }
}