{
  "train": {
    "joint": {
      "best_val_score": 0.9993707109062395
    }
  },
  "val": {
    "accuracy": 0.9820616883116883,
    "precision": 0.987366141258573,
    "recall": 0.9860610430185052,
    "f1": 0.9867131605843804,
    "f1_macro": 0.9795561556637401,
    "f1_weighted": 0.9820680784946533,
    "precision_0": 0.9710651035170865,
    "recall_0": 0.9737368684342171,
    "precision_1": 0.987366141258573,
    "recall_1": 0.9860610430185052,
    "pr_auc": 0.9993707109062395,
    "roc_auc": 0.9986814183347382,
    "loss": 0.046363004693737275
  },
  "test": {
    "accuracy": 0.9797094391688986,
    "precision": 0.9828906436946638,
    "recall": 0.9871425138187936,
    "f1": 0.9850119904076738,
    "f1_macro": 0.9768064222322217,
    "f1_weighted": 0.9796854638053474,
    "precision_0": 0.9730002523340904,
    "recall_0": 0.9642410602650663,
    "precision_1": 0.9828906436946638,
    "recall_1": 0.9871425138187936,
    "pr_auc": 0.9992886932700249,
    "roc_auc": 0.9985183750876436,
    "loss": 0.048081243147659485
  },
  "eval": {
    "data1": {
      "accuracy": 0.9660933333333334,
      "precision": 0.9621985700650134,
      "recall": 0.9917582417582418,
      "f1": 0.9767548149434638,
      "f1_macro": 0.9570604448353437,
      "f1_weighted": 0.9656587442329475,
      "precision_0": 0.9771991988907719,
      "recall_0": 0.9006531616811814,
      "precision_1": 0.9621985700650134,
      "recall_1": 0.9917582417582418,
      "pr_auc": 0.996691662551509,
      "roc_auc": 0.9922376488034326,
      "loss": 0.11704676187554995
    }
  },
  "finetune": {}
}