{
  "train": {
    "joint": {
      "best_val_score": 0.9998846642076028
    }
  },
  "val": {
    "accuracy": 0.9925333333333334,
    "precision": 0.9929727230698104,
    "recall": 0.9966589327146171,
    "f1": 0.9948124131542381,
    "f1_macro": 0.9907474669813996,
    "f1_weighted": 0.9925224934768725,
    "precision_0": 0.9913978494623656,
    "recall_0": 0.9820118343195267,
    "precision_1": 0.9929727230698104,
    "recall_1": 0.9966589327146171,
    "pr_auc": 0.9998846642076028,
    "roc_auc": 0.9997092107250237,
    "loss": 0.018977656062940756
  },
  "test": {
    "accuracy": 0.9918666666666667,
    "precision": 0.992874329076439,
    "recall": 0.9958232782624837,
    "f1": 0.9943466172381835,
    "f1_macro": 0.9899286530371441,
    "f1_weighted": 0.9918572416763711,
    "precision_0": 0.9892703862660944,
    "recall_0": 0.981779460482726,
    "precision_1": 0.992874329076439,
    "recall_1": 0.9958232782624837,
    "pr_auc": 0.9998269688638699,
    "roc_auc": 0.9995632528784174,
    "loss": 0.021783922590812046
  },
  "eval": {
    "data2_minus_1perc": {
      "accuracy": 0.774798927613941,
      "precision": 0.8457255364241733,
      "recall": 0.8164033654137158,
      "f1": 0.830805809813608,
      "f1_macro": 0.7470858305404136,
      "f1_weighted": 0.7767647557258565,
      "precision_0": 0.6408714184229221,
      "recall_0": 0.6874968246710359,
      "precision_1": 0.8457255364241733,
      "recall_1": 0.8164033654137158,
      "pr_auc": 0.899087171689672,
      "roc_auc": 0.8479187716554899,
      "loss": 0.9404702621645455
    }
  },
  "finetune": {
    "classifier": {
      "best_val_score": 0.9550968062732372
    },
    "val": {
      "accuracy": 0.8536585365853658,
      "precision": 0.8208955223880597,
      "recall": 0.9016393442622951,
      "f1": 0.859375,
      "f1_macro": 0.853416313559322,
      "f1_weighted": 0.8533678689541132,
      "precision_0": 0.8928571428571429,
      "recall_0": 0.8064516129032258,
      "precision_1": 0.8208955223880597,
      "recall_1": 0.9016393442622951,
      "pr_auc": 0.9550968062732372,
      "roc_auc": 0.9497620306716024,
      "loss": 0.3031157851219177
    },
    "test": {
      "accuracy": 0.8790322580645161,
      "precision": 0.873015873015873,
      "recall": 0.8870967741935484,
      "f1": 0.88,
      "f1_macro": 0.8790243902439024,
      "f1_weighted": 0.8790243902439024,
      "precision_0": 0.8852459016393442,
      "recall_0": 0.8709677419354839,
      "precision_1": 0.873015873015873,
      "recall_1": 0.8870967741935484,
      "pr_auc": 0.9553520373101447,
      "roc_auc": 0.9560353798126952,
      "loss": 0.2971952557563782
    },
    "eval": {
      "data2_minus_1perc": {
        "accuracy": 0.8841937837682727,
        "precision": 0.923982763317566,
        "recall": 0.90332304339931,
        "f1": 0.9135361128284862,
        "f1_macro": 0.8691211508929535,
        "f1_weighted": 0.8848663570413862,
        "precision_0": 0.8062261907650499,
        "recall_0": 0.8440532439160697,
        "precision_1": 0.923982763317566,
        "recall_1": 0.90332304339931,
        "pr_auc": 0.9756645480352607,
        "roc_auc": 0.9528970625919524,
        "loss": 0.26118785180502396
      }
    }
  }
}