{
  "train": {
    "contrastive": {
      "best_val_loss": 1.2163224529910397
    },
    "classifier": {
      "best_val_score": 0.999083854848082
    }
  },
  "val": {
    "accuracy": 0.9771915584415585,
    "precision": 0.9852745926372963,
    "recall": 0.9808940158615718,
    "f1": 0.9830794243391341,
    "f1_macro": 0.9740493598727913,
    "f1_weighted": 0.9772186779533486,
    "precision_0": 0.9605947955390335,
    "recall_0": 0.9694847423711856,
    "precision_1": 0.9852745926372963,
    "recall_1": 0.9808940158615718,
    "pr_auc": 0.999083854848082,
    "roc_auc": 0.9980506655634955,
    "loss": 0.05464910997392295
  },
  "test": {
    "accuracy": 0.9737034331628927,
    "precision": 0.9809959105123888,
    "recall": 0.9800528719057918,
    "f1": 0.9805241644626113,
    "f1_macro": 0.9700272583492172,
    "f1_weighted": 0.9737102487824777,
    "precision_0": 0.9585724981282755,
    "recall_0": 0.9604901225306327,
    "precision_1": 0.9809959105123888,
    "recall_1": 0.9800528719057918,
    "pr_auc": 0.9988619449714871,
    "roc_auc": 0.9975988048922829,
    "loss": 0.0593815438549764
  },
  "eval": {
    "data1": {
      "accuracy": 0.95478,
      "precision": 0.943297475301866,
      "recall": 0.9969743094743094,
      "f1": 0.96939341843434,
      "f1_macro": 0.9414272944355264,
      "f1_weighted": 0.9536369312917552,
      "precision_0": 0.9909757785467128,
      "recall_0": 0.8471932979931844,
      "precision_1": 0.943297475301866,
      "recall_1": 0.9969743094743094,
      "pr_auc": 0.9974207790080545,
      "roc_auc": 0.9937876679741,
      "loss": 0.11256486793041229
    }
  },
  "finetune": {}
}