{
  "train": {
    "contrastive": {
      "best_val_loss": Infinity
    },
    "classifier": {
      "best_val_score": 0.9994159775429138
    }
  },
  "val": {
    "accuracy": 0.9811688311688311,
    "precision": 0.9880550193050193,
    "recall": 0.9840182648401826,
    "f1": 0.9860325105358217,
    "f1_macro": 0.9785704271234525,
    "f1_weighted": 0.9811894245808459,
    "precision_0": 0.9670138888888888,
    "recall_0": 0.9752376188094047,
    "precision_1": 0.9880550193050193,
    "recall_1": 0.9840182648401826,
    "pr_auc": 0.9994159775429138,
    "roc_auc": 0.9987729685558954,
    "loss": 0.04262548993498861
  },
  "test": {
    "accuracy": 0.9791413034656278,
    "precision": 0.9850836039937447,
    "recall": 0.9840182648401826,
    "f1": 0.9845506462278328,
    "f1_macro": 0.976226865514316,
    "f1_weighted": 0.9791473836560686,
    "precision_0": 0.966816367265469,
    "recall_0": 0.9689922480620154,
    "precision_1": 0.9850836039937447,
    "recall_1": 0.9840182648401826,
    "pr_auc": 0.9992179404369848,
    "roc_auc": 0.9983702366351019,
    "loss": 0.04867863555359222
  },
  "eval": {
    "data1_minus_3perc": {
      "accuracy": 0.9551683848797251,
      "precision": 0.9510203337617004,
      "recall": 0.989108385311013,
      "f1": 0.969690492674699,
      "f1_macro": 0.9418101611644307,
      "f1_weighted": 0.9543588013702344,
      "precision_0": 0.967887985243565,
      "recall_0": 0.8656701494775784,
      "precision_1": 0.9510203337617004,
      "recall_1": 0.989108385311013,
      "pr_auc": 0.9964068684701433,
      "roc_auc": 0.990921414468551,
      "loss": 0.1422880447443408
    }
  },
  "finetune": {
    "classifier": {
      "best_val_score": 0.9989583710093857
    },
    "val": {
      "accuracy": 0.9888888888888889,
      "precision": 0.9867256637168141,
      "recall": 0.9911111111111112,
      "f1": 0.9889135254988913,
      "f1_macro": 0.9888888340189335,
      "f1_weighted": 0.9888888340189333,
      "precision_0": 0.9910714285714286,
      "recall_0": 0.9866666666666667,
      "precision_1": 0.9867256637168141,
      "recall_1": 0.9911111111111112,
      "pr_auc": 0.9989583710093857,
      "roc_auc": 0.998795061728395,
      "loss": 0.044724620721406406
    },
    "test": {
      "accuracy": 0.98,
      "precision": 0.9864864864864865,
      "recall": 0.9733333333333334,
      "f1": 0.9798657718120806,
      "f1_macro": 0.9799991110716032,
      "f1_weighted": 0.9799991110716031,
      "precision_0": 0.9736842105263158,
      "recall_0": 0.9866666666666667,
      "precision_1": 0.9864864864864865,
      "recall_1": 0.9733333333333334,
      "pr_auc": 0.9982690642229073,
      "roc_auc": 0.9982814814814815,
      "loss": 0.059473881589041815
    },
    "eval": {
      "data1_minus_3perc": {
        "accuracy": 0.9776769759450172,
        "precision": 0.9935510030700315,
        "recall": 0.9755436328132405,
        "f1": 0.9844649792419982,
        "f1_macro": 0.972409238803168,
        "f1_weighted": 0.9778353991458353,
        "precision_0": 0.9384512619876902,
        "recall_0": 0.9833025046243064,
        "precision_1": 0.9935510030700315,
        "recall_1": 0.9755436328132405,
        "pr_auc": 0.9992298653958528,
        "roc_auc": 0.9980033828432855,
        "loss": 0.0622179468672505
      }
    }
  }
}