{
  "train": {
    "joint": {
      "best_val_score": 0.9994847046823836
    }
  },
  "val": {
    "accuracy": 0.983198051948052,
    "precision": 0.9866858582223822,
    "recall": 0.9884643114635905,
    "f1": 0.9875742841707186,
    "f1_macro": 0.9808188423735438,
    "f1_weighted": 0.9831898269783315,
    "precision_0": 0.9758975646497615,
    "recall_0": 0.9722361180590295,
    "precision_1": 0.9866858582223822,
    "recall_1": 0.9884643114635905,
    "pr_auc": 0.9994847046823836,
    "roc_auc": 0.9989132994759817,
    "loss": 0.04108754990549831
  },
  "test": {
    "accuracy": 0.9796282769255742,
    "precision": 0.9820809939075379,
    "recall": 0.9878634943523191,
    "f1": 0.9849637572635236,
    "f1_macro": 0.9766937291790004,
    "f1_weighted": 0.9795953874380211,
    "precision_0": 0.9744303797468354,
    "recall_0": 0.9624906226556639,
    "precision_1": 0.9820809939075379,
    "recall_1": 0.9878634943523191,
    "pr_auc": 0.9993359953306917,
    "roc_auc": 0.998611314688802,
    "loss": 0.04550230134514069
  },
  "eval": {
    "data1": {
      "accuracy": 0.9669333333333333,
      "precision": 0.9589718858286,
      "recall": 0.9966030591030591,
      "f1": 0.977425403702962,
      "f1_macro": 0.9578223625559801,
      "f1_weighted": 0.9663807889468704,
      "precision_0": 0.9903755127800568,
      "recall_0": 0.8912817114729269,
      "precision_1": 0.9589718858286,
      "recall_1": 0.9966030591030591,
      "pr_auc": 0.9980276960421309,
      "roc_auc": 0.9951269719627318,
      "loss": 0.09105359308958054
    }
  },
  "finetune": {}
}