pipeline,roc_auc,accuracy,n_train,n_test,n_features_out
standard,0.9996085834308813,0.9869166666666667,48000,12000,244
minmax,0.9993493103042936,0.9898333333333333,48000,12000,244
