{
  "train": {
    "joint": {
      "best_val_score": 0.9999300169978046
    }
  },
  "val": {
    "accuracy": 0.9936,
    "precision": 0.9940779124641436,
    "recall": 0.997030162412993,
    "f1": 0.995551848762858,
    "f1_macro": 0.9920738573821417,
    "f1_weighted": 0.9935925802850545,
    "precision_0": 0.9923682327689005,
    "recall_0": 0.9848520710059172,
    "precision_1": 0.9940779124641436,
    "recall_1": 0.997030162412993,
    "pr_auc": 0.9999300169978046,
    "roc_auc": 0.9998218756435426,
    "loss": 0.016685248103365302
  },
  "test": {
    "accuracy": 0.9934,
    "precision": 0.9942587276599685,
    "recall": 0.9965658065713755,
    "f1": 0.9954109303295786,
    "f1_macro": 0.9918314886606954,
    "f1_weighted": 0.9933940342638852,
    "precision_0": 0.9911925731968579,
    "recall_0": 0.9853289162328442,
    "precision_1": 0.9942587276599685,
    "recall_1": 0.9965658065713755,
    "pr_auc": 0.9999300043846017,
    "roc_auc": 0.9998207591833629,
    "loss": 0.01654210816596945
  },
  "eval": {
    "data2": {
      "accuracy": 0.7195279335730461,
      "precision": 0.7708120019587766,
      "recall": 0.8322298458321817,
      "f1": 0.800344363361125,
      "f1_macro": 0.6645688380290005,
      "f1_weighted": 0.7122202583664576,
      "precision_0": 0.5813618782045515,
      "recall_0": 0.48494322445100296,
      "precision_1": 0.7708120019587766,
      "recall_1": 0.8322298458321817,
      "pr_auc": 0.849118662099188,
      "roc_auc": 0.764841168317983,
      "loss": 3.830189158310514
    }
  },
  "finetune": {}
}