{
  "train": {
    "joint": {
      "best_val_score": 0.9976049740456246
    }
  },
  "val": {
    "accuracy": 0.959659090909091,
    "precision": 0.9509046905612539,
    "recall": 0.9914683970199472,
    "f1": 0.9707629860580034,
    "f1_macro": 0.952859571814501,
    "f1_weighted": 0.9591432051902237,
    "precision_0": 0.9805105682130113,
    "recall_0": 0.8934467233616809,
    "precision_1": 0.9509046905612539,
    "recall_1": 0.9914683970199472,
    "pr_auc": 0.9976049740456246,
    "roc_auc": 0.9950632309666008,
    "loss": 0.08898927370062122
  },
  "test": {
    "accuracy": 0.9570651732813895,
    "precision": 0.9466926516106844,
    "recall": 0.992309540975727,
    "f1": 0.9689645057201526,
    "f1_macro": 0.9496658779752534,
    "f1_weighted": 0.9564370789931252,
    "precision_0": 0.9822123401889938,
    "recall_0": 0.8837209302325582,
    "precision_1": 0.9466926516106844,
    "recall_1": 0.992309540975727,
    "pr_auc": 0.9974553225989513,
    "roc_auc": 0.9947579120206632,
    "loss": 0.09343691698184271
  },
  "eval": {
    "data1": {
      "accuracy": 0.9254266666666666,
      "precision": 0.9098456680079458,
      "recall": 0.9947468072468072,
      "f1": 0.9504039159003644,
      "f1_macro": 0.9000857850741985,
      "f1_weighted": 0.9220540100844915,
      "precision_0": 0.9824234519595056,
      "recall_0": 0.7486747444149944,
      "precision_1": 0.9098456680079458,
      "recall_1": 0.9947468072468072,
      "pr_auc": 0.994545230291922,
      "roc_auc": 0.9864385175358026,
      "loss": 0.17438345789035162
    }
  },
  "finetune": {}
}