{
  "train": {
    "joint": {
      "best_val_score": 0.9991718619695612
    }
  },
  "val": {
    "accuracy": 0.9780844155844156,
    "precision": 0.9888295288975231,
    "recall": 0.9786109108387406,
    "f1": 0.9836936828119338,
    "f1_macro": 0.9751430552144302,
    "f1_weighted": 0.9781441034069306,
    "precision_0": 0.9564152791380999,
    "recall_0": 0.9769884942471235,
    "precision_1": 0.9888295288975231,
    "recall_1": 0.9786109108387406,
    "pr_auc": 0.9991718619695612,
    "roc_auc": 0.9982550756272152,
    "loss": 0.05789975318815801
  },
  "test": {
    "accuracy": 0.9776803830857885,
    "precision": 0.9862235649546828,
    "recall": 0.9806536890170632,
    "f1": 0.9834307404952702,
    "f1_macro": 0.974624009153788,
    "f1_weighted": 0.977713977467174,
    "precision_0": 0.9602076124567474,
    "recall_0": 0.9714928732183046,
    "precision_1": 0.9862235649546828,
    "recall_1": 0.9806536890170632,
    "pr_auc": 0.9990632062314531,
    "roc_auc": 0.9980422887505103,
    "loss": 0.06090828648827097
  },
  "eval": {
    "data1": {
      "accuracy": 0.9412533333333334,
      "precision": 0.9292060737527115,
      "recall": 0.9939393376893377,
      "f1": 0.9604832417015704,
      "f1_macro": 0.9230253000446142,
      "f1_weighted": 0.9393789379328192,
      "precision_0": 0.9812086330935251,
      "recall_0": 0.8069149943203332,
      "precision_1": 0.9292060737527115,
      "recall_1": 0.9939393376893377,
      "pr_auc": 0.9963257349211507,
      "roc_auc": 0.9907076650812008,
      "loss": 0.14298995282649993
    }
  },
  "finetune": {}
}