{
  "train": {
    "joint": {
      "best_val_score": 0.9998846642076028
    }
  },
  "val": {
    "accuracy": 0.9925333333333334,
    "precision": 0.9929727230698104,
    "recall": 0.9966589327146171,
    "f1": 0.9948124131542381,
    "f1_macro": 0.9907474669813996,
    "f1_weighted": 0.9925224934768725,
    "precision_0": 0.9913978494623656,
    "recall_0": 0.9820118343195267,
    "precision_1": 0.9929727230698104,
    "recall_1": 0.9966589327146171,
    "pr_auc": 0.9998846642076028,
    "roc_auc": 0.9997092107250237,
    "loss": 0.018977656062940756
  },
  "test": {
    "accuracy": 0.9918666666666667,
    "precision": 0.992874329076439,
    "recall": 0.9958232782624837,
    "f1": 0.9943466172381835,
    "f1_macro": 0.9899286530371441,
    "f1_weighted": 0.9918572416763711,
    "precision_0": 0.9892703862660944,
    "recall_0": 0.981779460482726,
    "precision_1": 0.992874329076439,
    "recall_1": 0.9958232782624837,
    "pr_auc": 0.9998269688638699,
    "roc_auc": 0.9995632528784174,
    "loss": 0.021783922590812046
  },
  "eval": {
    "data2_minus_3perc": {
      "accuracy": 0.7751763495025396,
      "precision": 0.8477370455908435,
      "recall": 0.8164624629791208,
      "f1": 0.8318058894230769,
      "f1_macro": 0.7464315179422689,
      "f1_weighted": 0.7773209423982309,
      "precision_0": 0.6369360171139634,
      "recall_0": 0.6870771490008916,
      "precision_1": 0.8477370455908435,
      "recall_1": 0.8164624629791208,
      "pr_auc": 0.9000998896388182,
      "roc_auc": 0.8474769764906281,
      "loss": 0.9378993776043537
    }
  },
  "finetune": {
    "classifier": {
      "best_val_score": 0.988123717903771
    },
    "val": {
      "accuracy": 0.9486486486486486,
      "precision": 0.9560439560439561,
      "recall": 0.9405405405405406,
      "f1": 0.9482288828337875,
      "f1_macro": 0.9486452725160894,
      "f1_weighted": 0.9486452725160894,
      "precision_0": 0.9414893617021277,
      "recall_0": 0.9567567567567568,
      "precision_1": 0.9560439560439561,
      "recall_1": 0.9405405405405406,
      "pr_auc": 0.988123717903771,
      "roc_auc": 0.9876406135865595,
      "loss": 0.14620753542796985
    },
    "test": {
      "accuracy": 0.9378378378378378,
      "precision": 0.9602272727272727,
      "recall": 0.9135135135135135,
      "f1": 0.9362880886426593,
      "f1_macro": 0.9378010364057624,
      "f1_weighted": 0.9378010364057624,
      "precision_0": 0.9175257731958762,
      "recall_0": 0.9621621621621622,
      "precision_1": 0.9602272727272727,
      "recall_1": 0.9135135135135135,
      "pr_auc": 0.9917563721578047,
      "roc_auc": 0.9916143170197225,
      "loss": 0.12525799141542332
    },
    "eval": {
      "data2_minus_3perc": {
        "accuracy": 0.9373174793108353,
        "precision": 0.9698438135938136,
        "recall": 0.9370798667862804,
        "f1": 0.9531803721319775,
        "f1_macro": 0.9291889939174638,
        "f1_weighted": 0.9378693490650062,
        "precision_0": 0.8747645720715211,
        "recall_0": 0.9378245135574553,
        "precision_1": 0.9698438135938136,
        "recall_1": 0.9370798667862804,
        "pr_auc": 0.993251341780403,
        "roc_auc": 0.9861589180970832,
        "loss": 0.15141849636670457
      }
    }
  }
}