{
  "train": {
    "joint": {
      "best_val_score": 0.999924045954809
    }
  },
  "val": {
    "accuracy": 0.9932666666666666,
    "precision": 0.9942581959622152,
    "recall": 0.9963805104408353,
    "f1": 0.9953182218513883,
    "f1_macro": 0.9916664682295983,
    "f1_weighted": 0.9932610673111132,
    "precision_0": 0.9907187053783912,
    "recall_0": 0.9853254437869823,
    "precision_1": 0.9942581959622152,
    "recall_1": 0.9963805104408353,
    "pr_auc": 0.999924045954809,
    "roc_auc": 0.9998065431980121,
    "loss": 0.0161465787678957
  },
  "test": {
    "accuracy": 0.9928666666666667,
    "precision": 0.993796870660124,
    "recall": 0.9962873584555412,
    "f1": 0.9950405561993048,
    "f1_macro": 0.9911701297316999,
    "f1_weighted": 0.992859699899025,
    "precision_0": 0.9904739223624672,
    "recall_0": 0.9841457643161382,
    "precision_1": 0.993796870660124,
    "recall_1": 0.9962873584555412,
    "pr_auc": 0.9998083344545237,
    "roc_auc": 0.999649128579073,
    "loss": 0.018367399829626083
  },
  "eval": {
    "data2": {
      "accuracy": 0.7102262120240579,
      "precision": 0.7861478430522436,
      "recall": 0.7843813460544814,
      "f1": 0.785263601094704,
      "f1_macro": 0.669920917339407,
      "f1_weighted": 0.7104012814774172,
      "precision_0": 0.5532873609001967,
      "recall_0": 0.5558751438147166,
      "precision_1": 0.7861478430522436,
      "recall_1": 0.7843813460544814,
      "pr_auc": 0.8377981556959373,
      "roc_auc": 0.7419480877460574,
      "loss": 5.612388349909448
    }
  },
  "finetune": {}
}