{
  "train": {
    "contrastive": {
      "best_val_loss": 1.2163224529910397
    },
    "classifier": {
      "best_val_score": 0.9995118880933462
    }
  },
  "val": {
    "accuracy": 0.9832792207792208,
    "precision": 0.9887978800289087,
    "recall": 0.9864215332852679,
    "f1": 0.9876082771896054,
    "f1_macro": 0.9809548371975971,
    "f1_weighted": 0.9832900218181688,
    "precision_0": 0.9718765555002489,
    "recall_0": 0.9767383691845923,
    "precision_1": 0.9887978800289087,
    "recall_1": 0.9864215332852679,
    "pr_auc": 0.9995118880933462,
    "roc_auc": 0.9989779797372851,
    "loss": 0.038890804364890244
  },
  "test": {
    "accuracy": 0.9817384952520087,
    "precision": 0.9866570501262171,
    "recall": 0.9863013698630136,
    "f1": 0.9864791779340184,
    "f1_macro": 0.9791788465598101,
    "f1_weighted": 0.9817402727858228,
    "precision_0": 0.9715142428785607,
    "recall_0": 0.9722430607651913,
    "precision_1": 0.9866570501262171,
    "recall_1": 0.9863013698630136,
    "pr_auc": 0.9993416161293422,
    "roc_auc": 0.9986249265993498,
    "loss": 0.044375233972725865
  },
  "eval": {
    "data1_minus_3perc": {
      "accuracy": 0.9713745704467354,
      "precision": 0.9676305806558799,
      "recall": 0.9937626784461675,
      "f1": 0.9805225475478986,
      "f1_macro": 0.963272950354694,
      "f1_weighted": 0.9710368102927599,
      "precision_0": 0.9822913582904971,
      "recall_0": 0.9123381492776084,
      "precision_1": 0.9676305806558799,
      "recall_1": 0.9937626784461675,
      "pr_auc": 0.9983465162605691,
      "roc_auc": 0.9957750536141783,
      "loss": 0.07749206751946014
    }
  },
  "finetune": {
    "classifier": {
      "best_val_score": 0.9995253010119025
    },
    "val": {
      "accuracy": 0.9911111111111112,
      "precision": 0.9911111111111112,
      "recall": 0.9911111111111112,
      "f1": 0.9911111111111112,
      "f1_macro": 0.9911111111111112,
      "f1_weighted": 0.9911111111111112,
      "precision_0": 0.9911111111111112,
      "recall_0": 0.9911111111111112,
      "precision_1": 0.9911111111111112,
      "recall_1": 0.9911111111111112,
      "pr_auc": 0.9995253010119025,
      "roc_auc": 0.9994864197530865,
      "loss": 0.027618118193414476
    },
    "test": {
      "accuracy": 0.9777777777777777,
      "precision": 0.9820627802690582,
      "recall": 0.9733333333333334,
      "f1": 0.9776785714285714,
      "f1_macro": 0.9777773388116309,
      "f1_weighted": 0.9777773388116309,
      "precision_0": 0.973568281938326,
      "recall_0": 0.9822222222222222,
      "precision_1": 0.9820627802690582,
      "recall_1": 0.9733333333333334,
      "pr_auc": 0.9986496352778185,
      "roc_auc": 0.9986567901234568,
      "loss": 0.052126243114471435
    },
    "eval": {
      "data1_minus_3perc": {
        "accuracy": 0.9812096219931271,
        "precision": 0.9933079862511281,
        "recall": 0.9806908449769656,
        "f1": 0.9869590933374036,
        "f1_macro": 0.9766760261652108,
        "f1_weighted": 0.9813043251547131,
        "precision_0": 0.9507328399361487,
        "recall_0": 0.9825776133579963,
        "precision_1": 0.9933079862511281,
        "recall_1": 0.9806908449769656,
        "pr_auc": 0.9994260611519845,
        "roc_auc": 0.9985160480188877,
        "loss": 0.049882995355016585
      }
    }
  }
}