{
  "train": {
    "joint": {
      "best_val_score": 0.999269300579017
    }
  },
  "val": {
    "accuracy": 0.9796266233766234,
    "precision": 0.9885001815760803,
    "recall": 0.9812545061283345,
    "f1": 0.9848640173671832,
    "f1_macro": 0.9768554913694548,
    "f1_weighted": 0.9796662759809952,
    "precision_0": 0.9615668883961567,
    "recall_0": 0.9762381190595297,
    "precision_1": 0.9885001815760803,
    "recall_1": 0.9812545061283345,
    "pr_auc": 0.999269300579017,
    "roc_auc": 0.9984586741820801,
    "loss": 0.04860681251852543
  },
  "test": {
    "accuracy": 0.978167356545735,
    "precision": 0.984945200529929,
    "recall": 0.9826964671953857,
    "f1": 0.9838195488721805,
    "f1_macro": 0.9751329252406307,
    "f1_weighted": 0.9781807520370912,
    "precision_0": 0.9641612742658039,
    "recall_0": 0.9687421855463866,
    "precision_1": 0.984945200529929,
    "recall_1": 0.9826964671953857,
    "pr_auc": 0.9991435400994012,
    "roc_auc": 0.9982097783518218,
    "loss": 0.05117658638830681
  },
  "eval": {
    "data1": {
      "accuracy": 0.9539133333333333,
      "precision": 0.9458668293934007,
      "recall": 0.9926492426492427,
      "f1": 0.9686935335594633,
      "f1_macro": 0.9406947202545937,
      "f1_weighted": 0.9529186288259891,
      "precision_0": 0.9785522788203753,
      "recall_0": 0.8551448315032185,
      "precision_1": 0.9458668293934007,
      "recall_1": 0.9926492426492427,
      "pr_auc": 0.9964586252149832,
      "roc_auc": 0.991241346605082,
      "loss": 0.13226021382371583
    }
  },
  "finetune": {}
}