{
  "train": {
    "joint": {
      "best_val_score": 0.997230219692825
    }
  },
  "val": {
    "accuracy": 0.9593344155844156,
    "precision": 0.9500517896190586,
    "recall": 0.9919490507089642,
    "f1": 0.9705484686379402,
    "f1_macro": 0.9524390003433507,
    "f1_weighted": 0.9587949533389518,
    "precision_0": 0.9815477829798953,
    "recall_0": 0.8914457228614308,
    "precision_1": 0.9500517896190586,
    "recall_1": 0.9919490507089642,
    "pr_auc": 0.997230219692825,
    "roc_auc": 0.9943015547668091,
    "loss": 0.09129204485904087
  },
  "test": {
    "accuracy": 0.9582826069312556,
    "precision": 0.9469887794824823,
    "recall": 0.9938716654650325,
    "f1": 0.9698639774859287,
    "f1_macro": 0.9510537920648732,
    "f1_weighted": 0.9576536160706538,
    "precision_0": 0.985781990521327,
    "recall_0": 0.884221055263816,
    "precision_1": 0.9469887794824823,
    "recall_1": 0.9938716654650325,
    "pr_auc": 0.9972430889409049,
    "roc_auc": 0.9943376855990014,
    "loss": 0.09366881428864683
  },
  "eval": {
    "data1": {
      "accuracy": 0.92212,
      "precision": 0.9044034688894502,
      "recall": 0.996955746955747,
      "f1": 0.9484270287929223,
      "f1_macro": 0.8947289867313277,
      "f1_weighted": 0.9181728359215257,
      "precision_0": 0.9894972782580852,
      "recall_0": 0.7313044301400985,
      "precision_1": 0.9044034688894502,
      "recall_1": 0.996955746955747,
      "pr_auc": 0.9931758459651999,
      "roc_auc": 0.9830893319861603,
      "loss": 0.1723345318698883
    }
  },
  "finetune": {}
}