{
  "train": {
    "contrastive": {
      "best_val_loss": 1.2163224529910397
    },
    "classifier": {
      "best_val_score": 0.9995118880933462
    }
  },
  "val": {
    "accuracy": 0.9832792207792208,
    "precision": 0.9887978800289087,
    "recall": 0.9864215332852679,
    "f1": 0.9876082771896054,
    "f1_macro": 0.9809548371975971,
    "f1_weighted": 0.9832900218181688,
    "precision_0": 0.9718765555002489,
    "recall_0": 0.9767383691845923,
    "precision_1": 0.9887978800289087,
    "recall_1": 0.9864215332852679,
    "pr_auc": 0.9995118880933462,
    "roc_auc": 0.9989779797372851,
    "loss": 0.038890804364890244
  },
  "test": {
    "accuracy": 0.9817384952520087,
    "precision": 0.9866570501262171,
    "recall": 0.9863013698630136,
    "f1": 0.9864791779340184,
    "f1_macro": 0.9791788465598101,
    "f1_weighted": 0.9817402727858228,
    "precision_0": 0.9715142428785607,
    "recall_0": 0.9722430607651913,
    "precision_1": 0.9866570501262171,
    "recall_1": 0.9863013698630136,
    "pr_auc": 0.9993416161293422,
    "roc_auc": 0.9986249265993498,
    "loss": 0.044375233972725865
  },
  "eval": {
    "data1_minus_5perc": {
      "accuracy": 0.9715087719298245,
      "precision": 0.967978496234968,
      "recall": 0.9938361828567033,
      "f1": 0.9807369310040519,
      "f1_macro": 0.9630225054298218,
      "f1_weighted": 0.971163433864946,
      "precision_0": 0.9820588893864756,
      "recall_0": 0.9112086428089129,
      "precision_1": 0.967978496234968,
      "recall_1": 0.9938361828567033,
      "pr_auc": 0.998369019504097,
      "roc_auc": 0.9957333429427133,
      "loss": 0.0770686217965264
    }
  },
  "finetune": {
    "classifier": {
      "best_val_score": 0.9995214292508077
    },
    "val": {
      "accuracy": 0.9906666666666667,
      "precision": 0.9972972972972973,
      "recall": 0.984,
      "f1": 0.9906040268456375,
      "f1_macro": 0.9906662518334148,
      "f1_weighted": 0.9906662518334148,
      "precision_0": 0.9842105263157894,
      "recall_0": 0.9973333333333333,
      "precision_1": 0.9972972972972973,
      "recall_1": 0.984,
      "pr_auc": 0.9995214292508077,
      "roc_auc": 0.9995164444444444,
      "loss": 0.03207883694767952
    },
    "test": {
      "accuracy": 0.9786666666666667,
      "precision": 0.9736147757255936,
      "recall": 0.984,
      "f1": 0.9787798408488063,
      "f1_macro": 0.9786660598345909,
      "f1_weighted": 0.9786660598345907,
      "precision_0": 0.9838274932614556,
      "recall_0": 0.9733333333333334,
      "precision_1": 0.9736147757255936,
      "recall_1": 0.984,
      "pr_auc": 0.9983189673399246,
      "roc_auc": 0.9983928888888889,
      "loss": 0.0523414875070254
    },
    "eval": {
      "data1_minus_5perc": {
        "accuracy": 0.9846456140350878,
        "precision": 0.9962853911551361,
        "recall": 0.9826239975383195,
        "f1": 0.9894075386566745,
        "f1_macro": 0.9807564478769999,
        "f1_weighted": 0.9847321856522935,
        "precision_0": 0.9547480717219273,
        "recall_0": 0.9901054381135408,
        "precision_1": 0.9962853911551361,
        "recall_1": 0.9826239975383195,
        "pr_auc": 0.9997242636694565,
        "roc_auc": 0.9992629001382892,
        "loss": 0.037864068667773615
      }
    }
  }
}