{
  "train": {
    "contrastive": {
      "best_val_loss": Infinity
    },
    "classifier": {
      "best_val_score": 0.9999212121140459
    }
  },
  "val": {
    "accuracy": 0.9934666666666667,
    "precision": 0.993711273467123,
    "recall": 0.997215777262181,
    "f1": 0.9954604409857328,
    "f1_macro": 0.991905208605087,
    "f1_weighted": 0.993457660077969,
    "precision_0": 0.9928349653689993,
    "recall_0": 0.983905325443787,
    "precision_1": 0.993711273467123,
    "recall_1": 0.997215777262181,
    "pr_auc": 0.9999212121140459,
    "roc_auc": 0.9997995579291314,
    "loss": 0.017533383210003375
  },
  "test": {
    "accuracy": 0.9922,
    "precision": 0.9928776246415688,
    "recall": 0.9962873584555412,
    "f1": 0.9945795691452397,
    "f1_macro": 0.9903379129148658,
    "f1_weighted": 0.992189537247965,
    "precision_0": 0.9904511816662688,
    "recall_0": 0.981779460482726,
    "precision_1": 0.9928776246415688,
    "recall_1": 0.9962873584555412,
    "pr_auc": 0.9999081531011635,
    "roc_auc": 0.9997692557260642,
    "loss": 0.017981122398376466
  },
  "eval": {
    "data2_minus_2perc": {
      "accuracy": 0.6904148618093574,
      "precision": 0.8176174066585026,
      "recall": 0.7003134566832137,
      "f1": 0.7544328745524422,
      "f1_macro": 0.6678407721070021,
      "f1_weighted": 0.698851099487868,
      "precision_0": 0.5135707639617524,
      "recall_0": 0.6694709677419355,
      "precision_1": 0.8176174066585026,
      "recall_1": 0.7003134566832137,
      "pr_auc": 0.854830017639238,
      "roc_auc": 0.7582396557524043,
      "loss": 2.7077961455462614
    }
  },
  "finetune": {
    "classifier": {
      "best_val_score": 0.9880603852743571
    },
    "val": {
      "accuracy": 0.9390243902439024,
      "precision": 0.9821428571428571,
      "recall": 0.8943089430894309,
      "f1": 0.9361702127659575,
      "f1_macro": 0.9389022270055468,
      "f1_weighted": 0.9389022270055468,
      "precision_0": 0.9029850746268657,
      "recall_0": 0.983739837398374,
      "precision_1": 0.9821428571428571,
      "recall_1": 0.8943089430894309,
      "pr_auc": 0.9880603852743571,
      "roc_auc": 0.9880362218256329,
      "loss": 0.1716802418231964
    },
    "test": {
      "accuracy": 0.8704453441295547,
      "precision": 0.8823529411764706,
      "recall": 0.8536585365853658,
      "f1": 0.8677685950413223,
      "f1_macro": 0.8703922340285977,
      "f1_weighted": 0.8704028560487891,
      "precision_0": 0.859375,
      "recall_0": 0.8870967741935484,
      "precision_1": 0.8823529411764706,
      "recall_1": 0.8536585365853658,
      "pr_auc": 0.9695202281962221,
      "roc_auc": 0.9671518489378442,
      "loss": 0.2320806086063385
    },
    "eval": {
      "data2_minus_2perc": {
        "accuracy": 0.8963301004646386,
        "precision": 0.9597506419249808,
        "recall": 0.8844235202283233,
        "f1": 0.9205486755996776,
        "f1_macro": 0.885710687356043,
        "f1_weighted": 0.8981868530826641,
        "precision_0": 0.7902843864114197,
        "recall_0": 0.9215225806451612,
        "precision_1": 0.9597506419249808,
        "recall_1": 0.8844235202283233,
        "pr_auc": 0.9832049050132154,
        "roc_auc": 0.967868332770053,
        "loss": 0.22454346163153352
      }
    }
  }
}