{
  "train": {
    "joint": {
      "best_val_score": 0.9994881507017582
    }
  },
  "val": {
    "accuracy": 0.98125,
    "precision": 0.992093419292057,
    "recall": 0.9800528719057918,
    "f1": 0.9860363900139032,
    "f1_macro": 0.9787536525838318,
    "f1_weighted": 0.9813097042597758,
    "precision_0": 0.9595023176384484,
    "recall_0": 0.9837418709354677,
    "precision_1": 0.992093419292057,
    "recall_1": 0.9800528719057918,
    "pr_auc": 0.9994881507017582,
    "roc_auc": 0.9989249010470147,
    "loss": 0.04275456586151154
  },
  "test": {
    "accuracy": 0.9793036279522767,
    "precision": 0.9893242751425452,
    "recall": 0.9799327084835376,
    "f1": 0.9846060971928765,
    "f1_macro": 0.9765174846494282,
    "f1_weighted": 0.9793554906574897,
    "precision_0": 0.959048553212359,
    "recall_0": 0.9779944986246562,
    "precision_1": 0.9893242751425452,
    "recall_1": 0.9799327084835376,
    "pr_auc": 0.9993402427176146,
    "roc_auc": 0.9986208099729811,
    "loss": 0.0463094136552735
  },
  "eval": {
    "data1": {
      "accuracy": 0.9677666666666667,
      "precision": 0.9666863180808126,
      "recall": 0.9892151767151767,
      "f1": 0.9778209991788953,
      "f1_macro": 0.9594291518010061,
      "f1_weighted": 0.9674587871415609,
      "precision_0": 0.9707636180651654,
      "recall_0": 0.9130774327906096,
      "precision_1": 0.9666863180808126,
      "recall_1": 0.9892151767151767,
      "pr_auc": 0.997240942038735,
      "roc_auc": 0.9933156374390313,
      "loss": 0.10470434224645296
    }
  },
  "finetune": {}
}