{
  "train": {
    "contrastive": {
      "best_val_loss": 1.072894156519572
    },
    "classifier": {
      "best_val_score": 0.9999243439723999
    }
  },
  "val": {
    "accuracy": 0.9928,
    "precision": 0.9963704048394603,
    "recall": 0.9935962877030162,
    "f1": 0.9949814126394052,
    "f1_macro": 0.9911227817914008,
    "f1_weighted": 0.992807717261696,
    "precision_0": 0.9837837837837838,
    "recall_0": 0.9907692307692307,
    "precision_1": 0.9963704048394603,
    "recall_1": 0.9935962877030162,
    "pr_auc": 0.9999243439723999,
    "roc_auc": 0.9998067408943012,
    "loss": 0.016573822813729443
  },
  "test": {
    "accuracy": 0.9922666666666666,
    "precision": 0.9966449207828518,
    "recall": 0.9925747169110822,
    "f1": 0.9946056547619048,
    "f1_macro": 0.9904760853847189,
    "f1_weighted": 0.992278780070173,
    "precision_0": 0.9812646370023419,
    "recall_0": 0.9914813061997161,
    "precision_1": 0.9966449207828518,
    "recall_1": 0.9925747169110822,
    "pr_auc": 0.9999096673569722,
    "roc_auc": 0.9997697389141499,
    "loss": 0.018224926015237966
  },
  "eval": {
    "data2_minus_4perc": {
      "accuracy": 0.7813147326146692,
      "precision": 0.806727760393384,
      "recall": 0.8938667855418106,
      "f1": 0.8480647567802534,
      "f1_macro": 0.7290102861910104,
      "f1_weighted": 0.7725342452170793,
      "precision_0": 0.7023441569716965,
      "recall_0": 0.5390479236633082,
      "precision_1": 0.806727760393384,
      "recall_1": 0.8938667855418106,
      "pr_auc": 0.8938687506226815,
      "roc_auc": 0.835000904103511,
      "loss": 2.108629656097799
    }
  },
  "finetune": {
    "classifier": {
      "best_val_score": 0.9947529392779606
    },
    "val": {
      "accuracy": 0.9614604462474645,
      "precision": 0.9789915966386554,
      "recall": 0.9433198380566802,
      "f1": 0.9608247422680413,
      "f1_macro": 0.9614502952857172,
      "f1_weighted": 0.9614490264154989,
      "precision_0": 0.9450980392156862,
      "recall_0": 0.9796747967479674,
      "precision_1": 0.9789915966386554,
      "recall_1": 0.9433198380566802,
      "pr_auc": 0.9947529392779606,
      "roc_auc": 0.9943550245219053,
      "loss": 0.10510413368321335
    },
    "test": {
      "accuracy": 0.9432048681541582,
      "precision": 0.943089430894309,
      "recall": 0.943089430894309,
      "f1": 0.943089430894309,
      "f1_macro": 0.9432046344754945,
      "f1_weighted": 0.9432048681541582,
      "precision_0": 0.9433198380566802,
      "recall_0": 0.9433198380566802,
      "precision_1": 0.943089430894309,
      "recall_1": 0.943089430894309,
      "pr_auc": 0.9912536151092389,
      "roc_auc": 0.9909153747407919,
      "loss": 0.12158676419732053
    },
    "eval": {
      "data2_minus_4perc": {
        "accuracy": 0.9458296343267808,
        "precision": 0.979615533479551,
        "recall": 0.9402280916824548,
        "f1": 0.9595177769212786,
        "f1_macro": 0.9388368491928545,
        "f1_weighted": 0.9463973872106041,
        "precision_0": 0.8815895989206427,
        "recall_0": 0.957886880963804,
        "precision_1": 0.979615533479551,
        "recall_1": 0.9402280916824548,
        "pr_auc": 0.9948308467217953,
        "roc_auc": 0.9890761564307845,
        "loss": 0.1418329387338587
      }
    }
  }
}