{
  "train": {
    "joint": {
      "best_val_score": 0.9990538060225626
    }
  },
  "val": {
    "accuracy": 0.9758116883116883,
    "precision": 0.9905844949865493,
    "recall": 0.9734438836818072,
    "f1": 0.9819393939393939,
    "f1_macro": 0.9726650286650287,
    "f1_weighted": 0.9759200899837263,
    "precision_0": 0.9466441332689522,
    "recall_0": 0.9807403701850925,
    "precision_1": 0.9905844949865493,
    "recall_1": 0.9734438836818072,
    "pr_auc": 0.9990538060225626,
    "roc_auc": 0.9979900729023489,
    "loss": 0.05723026776081556
  },
  "test": {
    "accuracy": 0.9735411086762438,
    "precision": 0.9879179887722724,
    "recall": 0.9727229031482817,
    "f1": 0.980261564543473,
    "f1_macro": 0.9700717126187708,
    "f1_weighted": 0.973646968675137,
    "precision_0": 0.9449963653985947,
    "recall_0": 0.9752438109527382,
    "precision_1": 0.9879179887722724,
    "recall_1": 0.9727229031482817,
    "pr_auc": 0.9988859731202208,
    "roc_auc": 0.9976732497231493,
    "loss": 0.060053654704731244
  },
  "eval": {
    "data1": {
      "accuracy": 0.9365733333333334,
      "precision": 0.9491705229272218,
      "recall": 0.9632833382833382,
      "f1": 0.9561748583536782,
      "f1_macro": 0.9207119618025779,
      "f1_weighted": 0.9361945895981676,
      "precision_0": 0.902691002115413,
      "recall_0": 0.8684683831881863,
      "precision_1": 0.9491705229272218,
      "recall_1": 0.9632833382833382,
      "pr_auc": 0.9928427648705522,
      "roc_auc": 0.9824287903684175,
      "loss": 0.17617371460437775
    }
  },
  "finetune": {}
}