{
  "train": {
    "joint": {
      "best_val_score": 0.9999012528454512
    }
  },
  "val": {
    "accuracy": 0.9929333333333333,
    "precision": 0.9938894546801222,
    "recall": 0.9962877030162413,
    "f1": 0.9950871338524286,
    "f1_macro": 0.9912520189679996,
    "f1_weighted": 0.992926685800867,
    "precision_0": 0.9904739223624672,
    "recall_0": 0.984378698224852,
    "precision_1": 0.9938894546801222,
    "recall_1": 0.9962877030162413,
    "pr_auc": 0.9999012528454512,
    "roc_auc": 0.9997503974519145,
    "loss": 0.017827876503268877
  },
  "test": {
    "accuracy": 0.9924,
    "precision": 0.9939759036144579,
    "recall": 0.9954520141080379,
    "f1": 0.9947134112409571,
    "f1_macro": 0.9905999488637218,
    "f1_weighted": 0.9923956123067975,
    "precision_0": 0.9883610451306414,
    "recall_0": 0.9846190250828206,
    "precision_1": 0.9939759036144579,
    "recall_1": 0.9954520141080379,
    "pr_auc": 0.9998838691763742,
    "roc_auc": 0.9996996327155583,
    "loss": 0.01970598980138699
  },
  "eval": {
    "data2": {
      "accuracy": 0.6892364633978069,
      "precision": 0.8242459229326021,
      "recall": 0.6862690907343099,
      "f1": 0.7489558130233229,
      "f1_macro": 0.6705959106652373,
      "f1_weighted": 0.6980968953657825,
      "precision_0": 0.5157197707417506,
      "recall_0": 0.6954129358211195,
      "precision_1": 0.8242459229326021,
      "recall_1": 0.6862690907343099,
      "pr_auc": 0.8635758808507713,
      "roc_auc": 0.7837409659895793,
      "loss": 2.106928068822312
    }
  },
  "finetune": {}
}