{
  "train": {
    "joint": {
      "best_val_score": 0.9994650873223919
    }
  },
  "val": {
    "accuracy": 0.9830357142857142,
    "precision": 0.9855176540993417,
    "recall": 0.9894256188416246,
    "f1": 0.9874677699826108,
    "f1_macro": 0.9806106902154672,
    "f1_weighted": 0.9830173471077667,
    "precision_0": 0.9778058007566204,
    "recall_0": 0.9697348674337168,
    "precision_1": 0.9855176540993417,
    "recall_1": 0.9894256188416246,
    "pr_auc": 0.9994650873223919,
    "roc_auc": 0.9988696282772485,
    "loss": 0.04179446999128763
  },
  "test": {
    "accuracy": 0.9807645483321159,
    "precision": 0.9822259334367172,
    "recall": 0.9894256188416246,
    "f1": 0.9858126309488178,
    "f1_macro": 0.9779762411390176,
    "f1_weighted": 0.9807257511745476,
    "precision_0": 0.9776536312849162,
    "recall_0": 0.9627406851712929,
    "precision_1": 0.9822259334367172,
    "recall_1": 0.9894256188416246,
    "pr_auc": 0.999347658858141,
    "roc_auc": 0.9986287727904097,
    "loss": 0.046420104213729566
  },
  "eval": {
    "data1": {
      "accuracy": 0.9602066666666667,
      "precision": 0.9510543436832448,
      "recall": 0.9958512771012771,
      "f1": 0.9729374373761691,
      "f1_macro": 0.9488980652142625,
      "f1_weighted": 0.9593933345751887,
      "precision_0": 0.9879777305613082,
      "recall_0": 0.8693203332071185,
      "precision_1": 0.9510543436832448,
      "recall_1": 0.9958512771012771,
      "pr_auc": 0.9977441652841565,
      "roc_auc": 0.9943541809423281,
      "loss": 0.11090839068293572
    }
  },
  "finetune": {}
}