{
  "train": {
    "joint": {
      "best_val_score": 0.9998792277225095
    }
  },
  "val": {
    "accuracy": 0.993,
    "precision": 0.993433222345542,
    "recall": 0.9968445475638051,
    "f1": 0.9951359614582851,
    "f1_macro": 0.9913276384017919,
    "f1_weighted": 0.9929906061364607,
    "precision_0": 0.9918815663801337,
    "recall_0": 0.9831952662721893,
    "precision_1": 0.993433222345542,
    "recall_1": 0.9968445475638051,
    "pr_auc": 0.9998792277225095,
    "roc_auc": 0.9996974587789509,
    "loss": 0.020649828421076138
  },
  "test": {
    "accuracy": 0.9921333333333333,
    "precision": 0.9935161170804001,
    "recall": 0.9955448301466493,
    "f1": 0.9945294390356977,
    "f1_macro": 0.9902659057574692,
    "f1_weighted": 0.9921270801511919,
    "precision_0": 0.9885823025689819,
    "recall_0": 0.9834358731661146,
    "precision_1": 0.9935161170804001,
    "recall_1": 0.9955448301466493,
    "pr_auc": 0.999870674925307,
    "roc_auc": 0.999668478065589,
    "loss": 0.021797244224448998
  },
  "eval": {
    "data2": {
      "accuracy": 0.7667751596957866,
      "precision": 0.7945720927718009,
      "recall": 0.883022314079379,
      "f1": 0.8364654593468636,
      "f1_macro": 0.7150219800270385,
      "f1_weighted": 0.7576434632888903,
      "precision_0": 0.6830848362523602,
      "recall_0": 0.524811165024261,
      "precision_1": 0.7945720927718009,
      "recall_1": 0.883022314079379,
      "pr_auc": 0.8760130596120617,
      "roc_auc": 0.8134911970585512,
      "loss": 1.5550730840382443
    }
  },
  "finetune": {}
}