{
  "train": {
    "joint": {
      "best_val_score": 0.9995154516250763
    }
  },
  "val": {
    "accuracy": 0.9823863636363637,
    "precision": 0.9884295528504279,
    "recall": 0.9854602259072338,
    "f1": 0.9869426559961489,
    "f1_macro": 0.9799443363511476,
    "f1_weighted": 0.9824005647720069,
    "precision_0": 0.9699229430773055,
    "recall_0": 0.9759879939969985,
    "precision_1": 0.9884295528504279,
    "recall_1": 0.9854602259072338,
    "pr_auc": 0.9995154516250763,
    "roc_auc": 0.998982668455112,
    "loss": 0.039470385435920255
  },
  "test": {
    "accuracy": 0.9809268728187647,
    "precision": 0.9878151767402582,
    "recall": 0.9838981014179283,
    "f1": 0.9858527481789175,
    "f1_macro": 0.978295568461268,
    "f1_weighted": 0.9809471136215147,
    "precision_0": 0.966765873015873,
    "recall_0": 0.9747436859214804,
    "precision_1": 0.9878151767402582,
    "recall_1": 0.9838981014179283,
    "pr_auc": 0.9993199012835338,
    "roc_auc": 0.9985792831288812,
    "loss": 0.04648951369830346
  },
  "eval": {
    "data1_minus_2perc": {
      "accuracy": 0.9640204081632653,
      "precision": 0.9656810738502698,
      "recall": 0.9852321072248785,
      "f1": 0.9753586254129026,
      "f1_macro": 0.9543568999344348,
      "f1_weighted": 0.9637130972006518,
      "precision_0": 0.9593575961662997,
      "recall_0": 0.9087250956914319,
      "precision_1": 0.9656810738502698,
      "recall_1": 0.9852321072248785,
      "pr_auc": 0.9972164350052833,
      "roc_auc": 0.9931465953700579,
      "loss": 0.10792269109534162
    }
  },
  "finetune": {
    "classifier": {
      "best_val_score": 0.9983540753180626
    },
    "val": {
      "accuracy": 0.9766666666666667,
      "precision": 0.9798657718120806,
      "recall": 0.9733333333333334,
      "f1": 0.9765886287625418,
      "f1_macro": 0.9766664074045267,
      "f1_weighted": 0.9766664074045267,
      "precision_0": 0.9735099337748344,
      "recall_0": 0.98,
      "precision_1": 0.9798657718120806,
      "recall_1": 0.9733333333333334,
      "pr_auc": 0.9983540753180626,
      "roc_auc": 0.9982222222222221,
      "loss": 0.06559279918670655
    },
    "test": {
      "accuracy": 0.9933333333333333,
      "precision": 1.0,
      "recall": 0.9866666666666667,
      "f1": 0.9932885906040269,
      "f1_macro": 0.9933330370238678,
      "f1_weighted": 0.9933330370238677,
      "precision_0": 0.9868421052631579,
      "recall_0": 1.0,
      "precision_1": 1.0,
      "recall_1": 0.9866666666666667,
      "pr_auc": 0.9999558498896247,
      "roc_auc": 0.9999555555555555,
      "loss": 0.019808557371919354
    },
    "eval": {
      "data1_minus_2perc": {
        "accuracy": 0.9800884353741497,
        "precision": 0.9938435065245447,
        "recall": 0.9785117277210948,
        "f1": 0.9861180275932065,
        "f1_macro": 0.9754585038809077,
        "f1_weighted": 0.9802072854378535,
        "precision_0": 0.9461493100601486,
        "recall_0": 0.9841986455981941,
        "precision_1": 0.9938435065245447,
        "recall_1": 0.9785117277210948,
        "pr_auc": 0.9994675825169914,
        "roc_auc": 0.998634703662172,
        "loss": 0.04744109595146309
      }
    }
  }
}