{
  "train": {
    "contrastive": {
      "best_val_loss": Infinity
    },
    "classifier": {
      "best_val_score": 0.9994159775429138
    }
  },
  "val": {
    "accuracy": 0.9811688311688311,
    "precision": 0.9880550193050193,
    "recall": 0.9840182648401826,
    "f1": 0.9860325105358217,
    "f1_macro": 0.9785704271234525,
    "f1_weighted": 0.9811894245808459,
    "precision_0": 0.9670138888888888,
    "recall_0": 0.9752376188094047,
    "precision_1": 0.9880550193050193,
    "recall_1": 0.9840182648401826,
    "pr_auc": 0.9994159775429138,
    "roc_auc": 0.9987729685558954,
    "loss": 0.04262548993498861
  },
  "test": {
    "accuracy": 0.9791413034656278,
    "precision": 0.9850836039937447,
    "recall": 0.9840182648401826,
    "f1": 0.9845506462278328,
    "f1_macro": 0.976226865514316,
    "f1_weighted": 0.9791473836560686,
    "precision_0": 0.966816367265469,
    "recall_0": 0.9689922480620154,
    "precision_1": 0.9850836039937447,
    "recall_1": 0.9840182648401826,
    "pr_auc": 0.9992179404369848,
    "roc_auc": 0.9983702366351019,
    "loss": 0.04867863555359222
  },
  "eval": {
    "data1_minus_5perc": {
      "accuracy": 0.9555298245614036,
      "precision": 0.9518772499699233,
      "recall": 0.9890666769236687,
      "f1": 0.9701156797185583,
      "f1_macro": 0.941623385651545,
      "f1_weighted": 0.954717444275128,
      "precision_0": 0.9669889382457975,
      "recall_0": 0.8649561107359892,
      "precision_1": 0.9518772499699233,
      "recall_1": 0.9890666769236687,
      "pr_auc": 0.9964515985065363,
      "roc_auc": 0.9908294072709293,
      "loss": 0.14121980952411367
    }
  },
  "finetune": {
    "classifier": {
      "best_val_score": 0.9992612539319882
    },
    "val": {
      "accuracy": 0.9866666666666667,
      "precision": 0.997275204359673,
      "recall": 0.976,
      "f1": 0.9865229110512129,
      "f1_macro": 0.9866651494570049,
      "f1_weighted": 0.9866651494570048,
      "precision_0": 0.9765013054830287,
      "recall_0": 0.9973333333333333,
      "precision_1": 0.997275204359673,
      "recall_1": 0.976,
      "pr_auc": 0.9992612539319882,
      "roc_auc": 0.9992462222222223,
      "loss": 0.04425864055752754
    },
    "test": {
      "accuracy": 0.9706666666666667,
      "precision": 0.9835616438356164,
      "recall": 0.9573333333333334,
      "f1": 0.9702702702702702,
      "f1_macro": 0.9706614509246088,
      "f1_weighted": 0.9706614509246089,
      "precision_0": 0.9584415584415584,
      "recall_0": 0.984,
      "precision_1": 0.9835616438356164,
      "recall_1": 0.9573333333333334,
      "pr_auc": 0.9986453235362753,
      "roc_auc": 0.998656,
      "loss": 0.04909730487068494
    },
    "eval": {
      "data1_minus_5perc": {
        "accuracy": 0.9746947368421053,
        "precision": 0.996665413310641,
        "recall": 0.9685654941631248,
        "f1": 0.9824145599250936,
        "f1_macro": 0.968653992661436,
        "f1_weighted": 0.9749778665488915,
        "precision_0": 0.9211110574834693,
        "recall_0": 0.9912481171765439,
        "precision_1": 0.996665413310641,
        "recall_1": 0.9685654941631248,
        "pr_auc": 0.9995656138152371,
        "roc_auc": 0.9988284354102666,
        "loss": 0.0594741938513622
      }
    }
  }
}