{
  "train": {
    "contrastive": {
      "best_val_loss": 1.072894156519572
    },
    "classifier": {
      "best_val_score": 0.9999243439723999
    }
  },
  "val": {
    "accuracy": 0.9928,
    "precision": 0.9963704048394603,
    "recall": 0.9935962877030162,
    "f1": 0.9949814126394052,
    "f1_macro": 0.9911227817914008,
    "f1_weighted": 0.992807717261696,
    "precision_0": 0.9837837837837838,
    "recall_0": 0.9907692307692307,
    "precision_1": 0.9963704048394603,
    "recall_1": 0.9935962877030162,
    "pr_auc": 0.9999243439723999,
    "roc_auc": 0.9998067408943012,
    "loss": 0.016573822813729443
  },
  "test": {
    "accuracy": 0.9922666666666666,
    "precision": 0.9966449207828518,
    "recall": 0.9925747169110822,
    "f1": 0.9946056547619048,
    "f1_macro": 0.9904760853847189,
    "f1_weighted": 0.992278780070173,
    "precision_0": 0.9812646370023419,
    "recall_0": 0.9914813061997161,
    "precision_1": 0.9966449207828518,
    "recall_1": 0.9925747169110822,
    "pr_auc": 0.9999096673569722,
    "roc_auc": 0.9997697389141499,
    "loss": 0.018224926015237966
  },
  "eval": {
    "data2_minus_1perc": {
      "accuracy": 0.7795295603053185,
      "precision": 0.8030240400304579,
      "recall": 0.8936747170268143,
      "f1": 0.8459277508809121,
      "f1_macro": 0.7292442218032149,
      "f1_weighted": 0.770608801201519,
      "precision_0": 0.7076329017010087,
      "recall_0": 0.5400091449474166,
      "precision_1": 0.8030240400304579,
      "recall_1": 0.8936747170268143,
      "pr_auc": 0.89184627405373,
      "roc_auc": 0.8354096301446015,
      "loss": 2.1327167371275007
    }
  },
  "finetune": {
    "classifier": {
      "best_val_score": 0.9399757428117053
    },
    "val": {
      "accuracy": 0.8130081300813008,
      "precision": 0.7714285714285715,
      "recall": 0.8852459016393442,
      "f1": 0.8244274809160306,
      "f1_macro": 0.8122137404580153,
      "f1_weighted": 0.8121144417551046,
      "precision_0": 0.8679245283018868,
      "recall_0": 0.7419354838709677,
      "precision_1": 0.7714285714285715,
      "recall_1": 0.8852459016393442,
      "pr_auc": 0.9399757428117053,
      "roc_auc": 0.9315177154944474,
      "loss": 0.35034817457199097
    },
    "test": {
      "accuracy": 0.8387096774193549,
      "precision": 0.85,
      "recall": 0.8225806451612904,
      "f1": 0.8360655737704918,
      "f1_macro": 0.8386677075201665,
      "f1_weighted": 0.8386677075201665,
      "precision_0": 0.828125,
      "recall_0": 0.8548387096774194,
      "precision_1": 0.85,
      "recall_1": 0.8225806451612904,
      "pr_auc": 0.9146362907261882,
      "roc_auc": 0.9105098855359001,
      "loss": 0.3734901547431946
    },
    "eval": {
      "data2_minus_1perc": {
        "accuracy": 0.8540636708725845,
        "precision": 0.9011352241355831,
        "recall": 0.8811936323467102,
        "f1": 0.8910528699611953,
        "f1_macro": 0.8350497716240932,
        "f1_weighted": 0.8549029987764323,
        "precision_0": 0.7617614215662475,
        "recall_0": 0.7971345831428136,
        "precision_1": 0.9011352241355831,
        "recall_1": 0.8811936323467102,
        "pr_auc": 0.9656227890640634,
        "roc_auc": 0.9321858527450049,
        "loss": 0.3113830176617451
      }
    }
  }
}