{
  "train": {
    "joint": {
      "best_val_score": 0.9993511088473191
    }
  },
  "val": {
    "accuracy": 0.9793831168831169,
    "precision": 0.9819593787335723,
    "recall": 0.9876231675078107,
    "f1": 0.9847831296429427,
    "f1_macro": 0.9764127022145261,
    "f1_weighted": 0.979350504828201,
    "precision_0": 0.9739240506329114,
    "recall_0": 0.9622311155577788,
    "precision_1": 0.9819593787335723,
    "recall_1": 0.9876231675078107,
    "pr_auc": 0.9993511088473191,
    "roc_auc": 0.9986308643386822,
    "loss": 0.04728352581332256
  },
  "test": {
    "accuracy": 0.9782485187890594,
    "precision": 0.9784933460076045,
    "recall": 0.9895457822638789,
    "f1": 0.9839885290954714,
    "f1_macro": 0.9750408232521892,
    "f1_weighted": 0.9781802544964477,
    "precision_0": 0.9777208706786171,
    "recall_0": 0.9547386846711677,
    "precision_1": 0.9784933460076045,
    "recall_1": 0.9895457822638789,
    "pr_auc": 0.9991706224952743,
    "roc_auc": 0.9982733006010455,
    "loss": 0.05402928427776078
  },
  "eval": {
    "data1": {
      "accuracy": 0.9534266666666666,
      "precision": 0.9438287375561625,
      "recall": 0.9943384318384318,
      "f1": 0.968425429596753,
      "f1_macro": 0.9398549061477783,
      "f1_weighted": 0.9523284157452879,
      "precision_0": 0.9832830912578788,
      "recall_0": 0.8491101855357819,
      "precision_1": 0.9438287375561625,
      "recall_1": 0.9943384318384318,
      "pr_auc": 0.9966621421616392,
      "roc_auc": 0.9919875898546087,
      "loss": 0.13474473462502162
    }
  },
  "finetune": {}
}