{
  "train": {
    "joint": {
      "best_val_score": 0.9999166493100682
    }
  },
  "val": {
    "accuracy": 0.9927333333333334,
    "precision": 0.9954477889260498,
    "recall": 0.9944315545243619,
    "f1": 0.99493941222898,
    "f1_macro": 0.9910283871214631,
    "f1_weighted": 0.9927362014184121,
    "precision_0": 0.9858356940509915,
    "recall_0": 0.9884023668639054,
    "precision_1": 0.9954477889260498,
    "recall_1": 0.9944315545243619,
    "pr_auc": 0.9999166493100682,
    "roc_auc": 0.9997879158143302,
    "loss": 0.016671184546003737
  },
  "test": {
    "accuracy": 0.9931333333333333,
    "precision": 0.996094839609484,
    "recall": 0.9943382216447002,
    "f1": 0.9952157554925913,
    "f1_macro": 0.9915283121696223,
    "f1_weighted": 0.9931380040948757,
    "precision_0": 0.9856301531213192,
    "recall_0": 0.9900615238996687,
    "precision_1": 0.996094839609484,
    "recall_1": 0.9943382216447002,
    "pr_auc": 0.9999103232785004,
    "roc_auc": 0.9997713861462596,
    "loss": 0.01748668637275696
  },
  "eval": {
    "data2": {
      "accuracy": 0.697880733423699,
      "precision": 0.8335049229296869,
      "recall": 0.6907030677353072,
      "f1": 0.7554144982389739,
      "f1_macro": 0.6801843776032805,
      "f1_weighted": 0.706586942363609,
      "precision_0": 0.5254424778761062,
      "recall_0": 0.7128207693462058,
      "precision_1": 0.8335049229296869,
      "recall_1": 0.6907030677353072,
      "pr_auc": 0.8602497095086743,
      "roc_auc": 0.7796563066999308,
      "loss": 2.716085837171694
    }
  },
  "finetune": {}
}