{
  "train": {
    "contrastive": {
      "best_val_loss": 1.2163224529910397
    },
    "classifier": {
      "best_val_score": 0.9995118880933462
    }
  },
  "val": {
    "accuracy": 0.9832792207792208,
    "precision": 0.9887978800289087,
    "recall": 0.9864215332852679,
    "f1": 0.9876082771896054,
    "f1_macro": 0.9809548371975971,
    "f1_weighted": 0.9832900218181688,
    "precision_0": 0.9718765555002489,
    "recall_0": 0.9767383691845923,
    "precision_1": 0.9887978800289087,
    "recall_1": 0.9864215332852679,
    "pr_auc": 0.9995118880933462,
    "roc_auc": 0.9989779797372851,
    "loss": 0.038890804364890244
  },
  "test": {
    "accuracy": 0.9817384952520087,
    "precision": 0.9866570501262171,
    "recall": 0.9863013698630136,
    "f1": 0.9864791779340184,
    "f1_macro": 0.9791788465598101,
    "f1_weighted": 0.9817402727858228,
    "precision_0": 0.9715142428785607,
    "recall_0": 0.9722430607651913,
    "precision_1": 0.9866570501262171,
    "recall_1": 0.9863013698630136,
    "pr_auc": 0.9993416161293422,
    "roc_auc": 0.9986249265993498,
    "loss": 0.044375233972725865
  },
  "eval": {
    "data1_minus_4perc": {
      "accuracy": 0.9715902777777777,
      "precision": 0.9679837082360818,
      "recall": 0.9938134881234247,
      "f1": 0.980728555748694,
      "f1_macro": 0.9633492086032454,
      "f1_weighted": 0.9712529494772811,
      "precision_0": 0.9822275856394503,
      "recall_0": 0.9122936621153455,
      "precision_1": 0.9679837082360818,
      "recall_1": 0.9938134881234247,
      "pr_auc": 0.9983513108149886,
      "roc_auc": 0.9957410852287514,
      "loss": 0.0772228699831499
    }
  },
  "finetune": {
    "classifier": {
      "best_val_score": 0.9997231519957885
    },
    "val": {
      "accuracy": 0.985,
      "precision": 0.9965870307167235,
      "recall": 0.9733333333333334,
      "f1": 0.984822934232715,
      "f1_macro": 0.984997958055402,
      "f1_weighted": 0.984997958055402,
      "precision_0": 0.9739413680781759,
      "recall_0": 0.9966666666666667,
      "precision_1": 0.9965870307167235,
      "recall_1": 0.9733333333333334,
      "pr_auc": 0.9997231519957885,
      "roc_auc": 0.9997222222222222,
      "loss": 0.02770145411292712
    },
    "test": {
      "accuracy": 0.9883333333333333,
      "precision": 0.9932659932659933,
      "recall": 0.9833333333333333,
      "f1": 0.9882747068676717,
      "f1_macro": 0.9883330416593749,
      "f1_weighted": 0.988333041659375,
      "precision_0": 0.9834983498349835,
      "recall_0": 0.9933333333333333,
      "precision_1": 0.9932659932659933,
      "recall_1": 0.9833333333333333,
      "pr_auc": 0.9992574369625694,
      "roc_auc": 0.9992555555555556,
      "loss": 0.03668054397838811
    },
    "eval": {
      "data1_minus_4perc": {
        "accuracy": 0.9827569444444444,
        "precision": 0.9951962654838116,
        "recall": 0.981029939662415,
        "f1": 0.9880623278220358,
        "f1_macro": 0.9785129958423204,
        "f1_weighted": 0.9828558198193176,
        "precision_0": 0.9512356737919356,
        "recall_0": 0.9873649887915223,
        "precision_1": 0.9951962654838116,
        "recall_1": 0.981029939662415,
        "pr_auc": 0.9995922083593407,
        "roc_auc": 0.9989171499070834,
        "loss": 0.04213661973840661
      }
    }
  }
}