{
  "train": {
    "joint": {
      "best_val_score": 0.9994640053251272
    }
  },
  "val": {
    "accuracy": 0.9824675324675325,
    "precision": 0.9843451242829828,
    "recall": 0.9897861091083874,
    "f1": 0.9870581186339126,
    "f1_macro": 0.9799441536565789,
    "f1_weighted": 0.9824409705853119,
    "precision_0": 0.9784919028340081,
    "recall_0": 0.9672336168084043,
    "precision_1": 0.9843451242829828,
    "recall_1": 0.9897861091083874,
    "pr_auc": 0.9994640053251272,
    "roc_auc": 0.9988665325212475,
    "loss": 0.04343309750320849
  },
  "test": {
    "accuracy": 0.9795471146822499,
    "precision": 0.9805859933301572,
    "recall": 0.9893054554193703,
    "f1": 0.9849264266060533,
    "f1_macro": 0.9765621532323553,
    "f1_weighted": 0.9794968788061315,
    "precision_0": 0.9773248407643312,
    "recall_0": 0.9592398099524881,
    "precision_1": 0.9805859933301572,
    "recall_1": 0.9893054554193703,
    "pr_auc": 0.9992701812903395,
    "roc_auc": 0.9984671125724233,
    "loss": 0.0490520160338963
  },
  "eval": {
    "data1": {
      "accuracy": 0.9559133333333333,
      "precision": 0.9448173333216042,
      "recall": 0.9968443718443718,
      "f1": 0.9701338174789202,
      "f1_macro": 0.9429882363206206,
      "f1_weighted": 0.9548396351132521,
      "precision_0": 0.9906395396855987,
      "recall_0": 0.8515477092010602,
      "precision_1": 0.9448173333216042,
      "recall_1": 0.9968443718443718,
      "pr_auc": 0.9977104159754878,
      "roc_auc": 0.9942919463605137,
      "loss": 0.12238238254785538
    }
  },
  "finetune": {}
}