{
  "train": {
    "joint": {
      "best_val_score": 0.9998846642076028
    }
  },
  "val": {
    "accuracy": 0.9925333333333334,
    "precision": 0.9929727230698104,
    "recall": 0.9966589327146171,
    "f1": 0.9948124131542381,
    "f1_macro": 0.9907474669813996,
    "f1_weighted": 0.9925224934768725,
    "precision_0": 0.9913978494623656,
    "recall_0": 0.9820118343195267,
    "precision_1": 0.9929727230698104,
    "recall_1": 0.9966589327146171,
    "pr_auc": 0.9998846642076028,
    "roc_auc": 0.9997092107250237,
    "loss": 0.018977656062940756
  },
  "test": {
    "accuracy": 0.9918666666666667,
    "precision": 0.992874329076439,
    "recall": 0.9958232782624837,
    "f1": 0.9943466172381835,
    "f1_macro": 0.9899286530371441,
    "f1_weighted": 0.9918572416763711,
    "precision_0": 0.9892703862660944,
    "recall_0": 0.981779460482726,
    "precision_1": 0.992874329076439,
    "recall_1": 0.9958232782624837,
    "pr_auc": 0.9998269688638699,
    "roc_auc": 0.9995632528784174,
    "loss": 0.021783922590812046
  },
  "eval": {
    "data2": {
      "accuracy": 0.7745184776344732,
      "precision": 0.8446323118045627,
      "recall": 0.8163564484925679,
      "f1": 0.8302537028889867,
      "f1_macro": 0.7472718665502336,
      "f1_weighted": 0.7763949530128306,
      "precision_0": 0.6426533857089413,
      "recall_0": 0.687434345455455,
      "precision_1": 0.8446323118045627,
      "recall_1": 0.8163564484925679,
      "pr_auc": 0.8983295407166626,
      "roc_auc": 0.8478672388792378,
      "loss": 0.9423922747962598
    }
  },
  "finetune": {}
}