{
  "train": {
    "joint": {
      "best_val_score": 0.9999117598666348
    }
  },
  "val": {
    "accuracy": 0.9932,
    "precision": 0.9957268927078495,
    "recall": 0.9948027842227378,
    "f1": 0.9952646239554318,
    "f1_macro": 0.9916039431833896,
    "f1_weighted": 0.993202440453848,
    "precision_0": 0.9867768595041322,
    "recall_0": 0.989112426035503,
    "precision_1": 0.9957268927078495,
    "recall_1": 0.9948027842227378,
    "pr_auc": 0.9999117598666348,
    "roc_auc": 0.9997753511168469,
    "loss": 0.017392868767430385
  },
  "test": {
    "accuracy": 0.9922666666666666,
    "precision": 0.9950761798587886,
    "recall": 0.9941525895674772,
    "f1": 0.9946141703036494,
    "f1_macro": 0.9904529135611841,
    "f1_weighted": 0.9922694408378282,
    "precision_0": 0.9851274787535411,
    "recall_0": 0.9874585896829153,
    "precision_1": 0.9950761798587886,
    "recall_1": 0.9941525895674772,
    "pr_auc": 0.9998992221687752,
    "roc_auc": 0.9997414284849568,
    "loss": 0.018684384276469547
  },
  "eval": {
    "data2": {
      "accuracy": 0.7023043270050242,
      "precision": 0.8169708526287115,
      "recall": 0.7207555785198447,
      "f1": 0.765853129129666,
      "f1_macro": 0.678632017692444,
      "f1_weighted": 0.7092429089648483,
      "precision_0": 0.5331940622300786,
      "recall_0": 0.6638987544394978,
      "precision_1": 0.8169708526287115,
      "recall_1": 0.7207555785198447,
      "pr_auc": 0.8558635386298207,
      "roc_auc": 0.7787138859991832,
      "loss": 4.66580715253599
    }
  },
  "finetune": {}
}