{
  "train": {
    "contrastive": {
      "best_val_loss": 1.072894156519572
    },
    "classifier": {
      "best_val_score": 0.999798111591338
    }
  },
  "val": {
    "accuracy": 0.992,
    "precision": 0.991330812505764,
    "recall": 0.9975870069605568,
    "f1": 0.9944490702192618,
    "f1_macro": 0.9900663389750568,
    "f1_weighted": 0.9919801316183596,
    "precision_0": 0.9937454895357228,
    "recall_0": 0.9777514792899409,
    "precision_1": 0.991330812505764,
    "recall_1": 0.9975870069605568,
    "pr_auc": 0.999798111591338,
    "roc_auc": 0.9995099548318896,
    "loss": 0.023718188402056695
  },
  "test": {
    "accuracy": 0.9915333333333334,
    "precision": 0.9913244116289801,
    "recall": 0.9969370707258214,
    "f1": 0.9941228191957054,
    "f1_macro": 0.9894937776112003,
    "f1_weighted": 0.991514508564223,
    "precision_0": 0.9920768307322929,
    "recall_0": 0.9777567439659253,
    "precision_1": 0.9913244116289801,
    "recall_1": 0.9969370707258214,
    "pr_auc": 0.9998501056020576,
    "roc_auc": 0.9996171612945961,
    "loss": 0.023043857636551063
  },
  "eval": {
    "data2": {
      "accuracy": 0.7571163039861042,
      "precision": 0.8322217096979293,
      "recall": 0.8021412864541402,
      "f1": 0.8169046832360464,
      "f1_macro": 0.7281264485456614,
      "f1_weighted": 0.7592838236889417,
      "precision_0": 0.6169806931844615,
      "recall_0": 0.6633985293382022,
      "precision_1": 0.8322217096979293,
      "recall_1": 0.8021412864541402,
      "pr_auc": 0.9174522873528643,
      "roc_auc": 0.8470301023655933,
      "loss": 0.8171848023383734
    }
  },
  "finetune": {}
}