{
  "train": {
    "joint": {
      "best_val_score": 0.9992599697174369
    }
  },
  "val": {
    "accuracy": 0.9798701298701299,
    "precision": 0.985099735640471,
    "recall": 0.985099735640471,
    "f1": 0.985099735640471,
    "f1_macro": 0.977042113943297,
    "f1_weighted": 0.9798701298701299,
    "precision_0": 0.968984492246123,
    "recall_0": 0.968984492246123,
    "precision_1": 0.985099735640471,
    "recall_1": 0.985099735640471,
    "pr_auc": 0.9992599697174369,
    "roc_auc": 0.9984343589723245,
    "loss": 0.048287441039627246
  },
  "test": {
    "accuracy": 0.9784108432757082,
    "precision": 0.9821642327028968,
    "recall": 0.9859408795962509,
    "f1": 0.9840489325977453,
    "f1_macro": 0.9753285084781345,
    "f1_weighted": 0.978388194661811,
    "precision_0": 0.970506680110915,
    "recall_0": 0.9627406851712929,
    "precision_1": 0.9821642327028968,
    "recall_1": 0.9859408795962509,
    "pr_auc": 0.9990236367759165,
    "roc_auc": 0.9979472607877997,
    "loss": 0.05518135775287917
  },
  "eval": {
    "data1": {
      "accuracy": 0.9407533333333333,
      "precision": 0.9338154626598443,
      "recall": 0.987507425007425,
      "f1": 0.959911224586459,
      "f1_macro": 0.923218250034716,
      "f1_weighted": 0.9392379134843464,
      "precision_0": 0.9626743573389535,
      "recall_0": 0.8215401363120031,
      "precision_1": 0.9338154626598443,
      "recall_1": 0.987507425007425,
      "pr_auc": 0.9939134946976236,
      "roc_auc": 0.9856470880001561,
      "loss": 0.19363823069731395
    }
  },
  "finetune": {}
}