{
  "train": {
    "contrastive": {
      "best_val_loss": Infinity
    },
    "classifier": {
      "best_val_score": 0.936009403182647
    }
  },
  "val": {
    "accuracy": 0.7671333333333333,
    "precision": 0.7574236425339367,
    "recall": 0.994245939675174,
    "f1": 0.8598258357076929,
    "f1_macro": 0.5861813689461511,
    "f1_weighted": 0.705672786098691,
    "precision_0": 0.927570093457944,
    "recall_0": 0.18792899408284025,
    "precision_1": 0.7574236425339367,
    "recall_1": 0.994245939675174,
    "pr_auc": 0.936009403182647,
    "roc_auc": 0.8599362758961545,
    "loss": 0.45229280780156456
  },
  "test": {
    "accuracy": 0.7675333333333333,
    "precision": 0.7574002119392441,
    "recall": 0.995080749953592,
    "f1": 0.8601227486060412,
    "f1_macro": 0.5862435868843655,
    "f1_weighted": 0.7058009702812676,
    "precision_0": 0.9372781065088758,
    "recall_0": 0.18741126360624705,
    "precision_1": 0.7574002119392441,
    "recall_1": 0.995080749953592,
    "pr_auc": 0.9381906707319768,
    "roc_auc": 0.8633529049399481,
    "loss": 0.45012397464116416
  },
  "eval": {
    "data2": {
      "accuracy": 0.6775890197478958,
      "precision": 0.6772329832052609,
      "recall": 0.998642169644681,
      "f1": 0.8071167050277268,
      "f1_macro": 0.41277551175079136,
      "f1_weighted": 0.5511724570857378,
      "precision_0": 0.7674897119341564,
      "recall_0": 0.009329198139162623,
      "precision_1": 0.6772329832052609,
      "recall_1": 0.998642169644681,
      "pr_auc": 0.885932504002127,
      "roc_auc": 0.7943051555942512,
      "loss": 0.5982938487017921
    }
  },
  "finetune": {}
}