{
  "train": {
    "contrastive": {
      "best_val_loss": Infinity
    },
    "classifier": {
      "best_val_score": 0.9999212121140459
    }
  },
  "val": {
    "accuracy": 0.9934666666666667,
    "precision": 0.993711273467123,
    "recall": 0.997215777262181,
    "f1": 0.9954604409857328,
    "f1_macro": 0.991905208605087,
    "f1_weighted": 0.993457660077969,
    "precision_0": 0.9928349653689993,
    "recall_0": 0.983905325443787,
    "precision_1": 0.993711273467123,
    "recall_1": 0.997215777262181,
    "pr_auc": 0.9999212121140459,
    "roc_auc": 0.9997995579291314,
    "loss": 0.017533383210003375
  },
  "test": {
    "accuracy": 0.9922,
    "precision": 0.9928776246415688,
    "recall": 0.9962873584555412,
    "f1": 0.9945795691452397,
    "f1_macro": 0.9903379129148658,
    "f1_weighted": 0.992189537247965,
    "precision_0": 0.9904511816662688,
    "recall_0": 0.981779460482726,
    "precision_1": 0.9928776246415688,
    "recall_1": 0.9962873584555412,
    "pr_auc": 0.9999081531011635,
    "roc_auc": 0.9997692557260642,
    "loss": 0.017981122398376466
  },
  "eval": {
    "data2_minus_4perc": {
      "accuracy": 0.6904502219403932,
      "precision": 0.8199515850812472,
      "recall": 0.7004470200725633,
      "f1": 0.7555027246500694,
      "f1_macro": 0.6668673220513208,
      "f1_weighted": 0.6992706716430968,
      "precision_0": 0.5091908781042038,
      "recall_0": 0.6689322458553227,
      "precision_1": 0.8199515850812472,
      "recall_1": 0.7004470200725633,
      "pr_auc": 0.856350061516137,
      "roc_auc": 0.757596901633713,
      "loss": 2.7002980105555907
    }
  },
  "finetune": {
    "classifier": {
      "best_val_score": 0.9935844190168439
    },
    "val": {
      "accuracy": 0.9513184584178499,
      "precision": 0.9868995633187773,
      "recall": 0.9149797570850202,
      "f1": 0.9495798319327731,
      "f1_macro": 0.9512605042016806,
      "f1_weighted": 0.9512570951301412,
      "precision_0": 0.9204545454545454,
      "recall_0": 0.9878048780487805,
      "precision_1": 0.9868995633187773,
      "recall_1": 0.9149797570850202,
      "pr_auc": 0.9935844190168439,
      "roc_auc": 0.9928738356209473,
      "loss": 0.12439779631989964
    },
    "test": {
      "accuracy": 0.949290060851927,
      "precision": 0.9623430962343096,
      "recall": 0.9349593495934959,
      "f1": 0.9484536082474226,
      "f1_macro": 0.9492767043233121,
      "f1_weighted": 0.9492783738893891,
      "precision_0": 0.937007874015748,
      "recall_0": 0.9635627530364372,
      "precision_1": 0.9623430962343096,
      "recall_1": 0.9349593495934959,
      "pr_auc": 0.9928035191846021,
      "roc_auc": 0.9927257167308515,
      "loss": 0.11618751644120981
    },
    "eval": {
      "data2_minus_4perc": {
        "accuracy": 0.9306024096385542,
        "precision": 0.9852191709359408,
        "recall": 0.9120447763042213,
        "f1": 0.9472208647341752,
        "f1_macro": 0.922965024266784,
        "f1_weighted": 0.9318324796543936,
        "precision_0": 0.8367726813126206,
        "recall_0": 0.9705474705474706,
        "precision_1": 0.9852191709359408,
        "recall_1": 0.9120447763042213,
        "pr_auc": 0.9944155936561117,
        "roc_auc": 0.988350204175029,
        "loss": 0.1595864502771019
      }
    }
  }
}