{
  "train": {
    "joint": {
      "best_val_score": 0.9992991894644958
    }
  },
  "val": {
    "accuracy": 0.9805194805194806,
    "precision": 0.9892251815980629,
    "recall": 0.9818553232396059,
    "f1": 0.9855264744904113,
    "f1_macro": 0.9778712044827336,
    "f1_weighted": 0.9805580054172464,
    "precision_0": 0.962807881773399,
    "recall_0": 0.9777388694347173,
    "precision_1": 0.9892251815980629,
    "recall_1": 0.9818553232396059,
    "pr_auc": 0.9992991894644958,
    "roc_auc": 0.9985184853902558,
    "loss": 0.05100364778916557
  },
  "test": {
    "accuracy": 0.9788978167356546,
    "precision": 0.9870710488158531,
    "recall": 0.9816149963950973,
    "f1": 0.9843354621038679,
    "f1_macro": 0.9760066171782393,
    "f1_weighted": 0.9789289121716239,
    "precision_0": 0.9621755253399258,
    "recall_0": 0.9732433108277069,
    "precision_1": 0.9870710488158531,
    "recall_1": 0.9816149963950973,
    "pr_auc": 0.9992127454785429,
    "roc_auc": 0.9983503145673465,
    "loss": 0.0516842093264504
  },
  "eval": {
    "data1": {
      "accuracy": 0.96572,
      "precision": 0.9589050899007067,
      "recall": 0.9949138699138699,
      "f1": 0.9765776599524447,
      "f1_macro": 0.956337446783321,
      "f1_weighted": 0.9651740539834515,
      "precision_0": 0.9856582046584663,
      "recall_0": 0.8912817114729269,
      "precision_1": 0.9589050899007067,
      "recall_1": 0.9949138699138699,
      "pr_auc": 0.9976473070717288,
      "roc_auc": 0.9942466666160492,
      "loss": 0.09222981419324874
    }
  },
  "finetune": {}
}