{
  "train": {
    "joint": {
      "best_val_score": 0.9999233444255806
    }
  },
  "val": {
    "accuracy": 0.9931333333333333,
    "precision": 0.9961874651292543,
    "recall": 0.994245939675174,
    "f1": 0.9952157554925913,
    "f1_macro": 0.9915283121696223,
    "f1_weighted": 0.9931384957539854,
    "precision_0": 0.9853980216674517,
    "recall_0": 0.9902958579881657,
    "precision_1": 0.9961874651292543,
    "recall_1": 0.994245939675174,
    "pr_auc": 0.9999233444255806,
    "roc_auc": 0.9998051593239885,
    "loss": 0.016148044204711914
  },
  "test": {
    "accuracy": 0.9932666666666666,
    "precision": 0.9967420646002048,
    "recall": 0.9938741414516429,
    "f1": 0.9953060370869545,
    "f1_macro": 0.9916999359076173,
    "f1_weighted": 0.9932741192757706,
    "precision_0": 0.9844961240310077,
    "recall_0": 0.9917179365830573,
    "precision_1": 0.9967420646002048,
    "recall_1": 0.9938741414516429,
    "pr_auc": 0.9999177650438972,
    "roc_auc": 0.9997899888875525,
    "loss": 0.017099486609796682
  },
  "eval": {
    "data2": {
      "accuracy": 0.6981729341006306,
      "precision": 0.7370128198527519,
      "recall": 0.8600593600173033,
      "f1": 0.7937960251974093,
      "f1_macro": 0.6154843604116303,
      "f1_weighted": 0.6780641520861213,
      "precision_0": 0.5535878564857406,
      "recall_0": 0.3612125456455405,
      "precision_1": 0.7370128198527519,
      "recall_1": 0.8600593600173033,
      "pr_auc": 0.8563595664370098,
      "roc_auc": 0.758963687172163,
      "loss": 5.5453918378509846
    }
  },
  "finetune": {}
}