{
  "train": {
    "joint": {
      "best_val_score": 0.9993098875147248
    }
  },
  "val": {
    "accuracy": 0.98125,
    "precision": 0.9835066332018645,
    "recall": 0.9888248017303533,
    "f1": 0.986158547546288,
    "f1_macro": 0.9785527991158682,
    "f1_weighted": 0.9812222192630382,
    "precision_0": 0.9764735643814825,
    "recall_0": 0.9654827413706853,
    "precision_1": 0.9835066332018645,
    "recall_1": 0.9888248017303533,
    "pr_auc": 0.9993098875147248,
    "roc_auc": 0.9985457761324786,
    "loss": 0.04751595036162959
  },
  "test": {
    "accuracy": 0.9777615453291129,
    "precision": 0.9792758456407813,
    "recall": 0.9879836577745734,
    "f1": 0.9836104797224549,
    "f1_macro": 0.9745159920066085,
    "f1_weighted": 0.97770692378127,
    "precision_0": 0.9745222929936306,
    "recall_0": 0.9564891222805701,
    "precision_1": 0.9792758456407813,
    "recall_1": 0.9879836577745734,
    "pr_auc": 0.9991230701321695,
    "roc_auc": 0.9981781674690482,
    "loss": 0.05131635071222813
  },
  "eval": {
    "data1": {
      "accuracy": 0.9524066666666666,
      "precision": 0.9423792311954199,
      "recall": 0.9945519008019008,
      "f1": 0.9677629113175256,
      "f1_macro": 0.9384373266659305,
      "f1_weighted": 0.9512404859170215,
      "precision_0": 0.9838251908186603,
      "recall_0": 0.8449450965543355,
      "precision_1": 0.9423792311954199,
      "recall_1": 0.9945519008019008,
      "pr_auc": 0.9966675552962605,
      "roc_auc": 0.9917941887370045,
      "loss": 0.1112671333305041
    }
  },
  "finetune": {}
}