{
  "train": {
    "joint": {
      "best_val_score": 0.9992070119524473
    }
  },
  "val": {
    "accuracy": 0.9798701298701299,
    "precision": 0.9877960367327211,
    "recall": 0.982335976928623,
    "f1": 0.9850584407759971,
    "f1_macro": 0.9771101704004332,
    "f1_weighted": 0.9798998068536748,
    "precision_0": 0.9636498516320475,
    "recall_0": 0.9747373686843421,
    "precision_1": 0.9877960367327211,
    "recall_1": 0.982335976928623,
    "pr_auc": 0.9992070119524473,
    "roc_auc": 0.998333521483164,
    "loss": 0.05185338228747442
  },
  "test": {
    "accuracy": 0.9765441116792468,
    "precision": 0.9830426939266386,
    "recall": 0.9822158135063687,
    "f1": 0.9826290797619763,
    "f1_macro": 0.9732633218922311,
    "f1_weighted": 0.9765494327006807,
    "precision_0": 0.963055416874688,
    "recall_0": 0.9647411852963241,
    "precision_1": 0.9830426939266386,
    "recall_1": 0.9822158135063687,
    "pr_auc": 0.9989322755355985,
    "roc_auc": 0.9977588124500483,
    "loss": 0.05794766146310805
  },
  "eval": {
    "data1": {
      "accuracy": 0.9493266666666667,
      "precision": 0.9422535086867045,
      "recall": 0.9901340213840214,
      "f1": 0.9656005756619886,
      "f1_macro": 0.9347152137517656,
      "f1_weighted": 0.9481993509569434,
      "precision_0": 0.9710992088306463,
      "recall_0": 0.8452764104505869,
      "precision_1": 0.9422535086867045,
      "recall_1": 0.9901340213840214,
      "pr_auc": 0.9970147339258277,
      "roc_auc": 0.9924668562180838,
      "loss": 0.12257330807367961
    }
  },
  "finetune": {}
}