{
  "train": {
    "joint": {
      "best_val_score": 0.9998218144701922
    }
  },
  "val": {
    "accuracy": 0.9915333333333334,
    "precision": 0.9935113088616981,
    "recall": 0.9947099767981439,
    "f1": 0.9941102815007188,
    "f1_macro": 0.9895287688172079,
    "f1_weighted": 0.9915293626890076,
    "precision_0": 0.9864672364672364,
    "recall_0": 0.9834319526627219,
    "precision_1": 0.9935113088616981,
    "recall_1": 0.9947099767981439,
    "pr_auc": 0.9998218144701922,
    "roc_auc": 0.9995485715070224,
    "loss": 0.022677708546320598
  },
  "test": {
    "accuracy": 0.9913333333333333,
    "precision": 0.9939669574902543,
    "recall": 0.9939669574902543,
    "f1": 0.9939669574902543,
    "f1_macro": 0.9892929912865375,
    "f1_weighted": 0.9913333333333333,
    "precision_0": 0.9846190250828206,
    "recall_0": 0.9846190250828206,
    "precision_1": 0.9939669574902543,
    "recall_1": 0.9939669574902543,
    "pr_auc": 0.99982862168998,
    "roc_auc": 0.9995650867968329,
    "loss": 0.02385440653115511
  },
  "eval": {
    "data2": {
      "accuracy": 0.6455443455110671,
      "precision": 0.773010285083178,
      "recall": 0.6728229653573017,
      "f1": 0.7194454437991469,
      "f1_macro": 0.6191166612935128,
      "f1_weighted": 0.6543277862398299,
      "precision_0": 0.4636779073432083,
      "recall_0": 0.5887649442249012,
      "precision_1": 0.773010285083178,
      "recall_1": 0.6728229653573017,
      "pr_auc": 0.8457136380908132,
      "roc_auc": 0.7359830696118321,
      "loss": 1.3008829074553336
    }
  },
  "finetune": {}
}