{
  "train": {
    "joint": {
      "best_val_score": 0.9993818825478259
    }
  },
  "val": {
    "accuracy": 0.9821428571428571,
    "precision": 0.9883076181292189,
    "recall": 0.9852198990627253,
    "f1": 0.986761343121916,
    "f1_macro": 0.9796683803617559,
    "f1_weighted": 0.9821578260577731,
    "precision_0": 0.9694333996023857,
    "recall_0": 0.9757378689344672,
    "precision_1": 0.9883076181292189,
    "recall_1": 0.9852198990627253,
    "pr_auc": 0.9993818825478259,
    "roc_auc": 0.9987028782355611,
    "loss": 0.04492152596932727
  },
  "test": {
    "accuracy": 0.9803587371154938,
    "precision": 0.9856936763645107,
    "recall": 0.9852198990627253,
    "f1": 0.9854567307692308,
    "f1_macro": 0.9776071456895392,
    "f1_weighted": 0.9803612854752308,
    "precision_0": 0.9692730452160879,
    "recall_0": 0.97024256064016,
    "precision_1": 0.9856936763645107,
    "recall_1": 0.9852198990627253,
    "pr_auc": 0.9992473261577156,
    "roc_auc": 0.9984271782918093,
    "loss": 0.04805607786578227
  },
  "eval": {
    "data1": {
      "accuracy": 0.9575,
      "precision": 0.9584467740622484,
      "recall": 0.9834700772200772,
      "f1": 0.970797202028392,
      "f1_macro": 0.9463834355898946,
      "f1_weighted": 0.9570421605000567,
      "precision_0": 0.954846233805745,
      "recall_0": 0.8912817114729269,
      "precision_1": 0.9584467740622484,
      "recall_1": 0.9834700772200772,
      "pr_auc": 0.996513767320974,
      "roc_auc": 0.9915209512400592,
      "loss": 0.11379799064358076
    }
  },
  "finetune": {}
}