{
  "train": {
    "joint": {
      "best_val_score": 0.9998846642076028
    }
  },
  "val": {
    "accuracy": 0.9925333333333334,
    "precision": 0.9929727230698104,
    "recall": 0.9966589327146171,
    "f1": 0.9948124131542381,
    "f1_macro": 0.9907474669813996,
    "f1_weighted": 0.9925224934768725,
    "precision_0": 0.9913978494623656,
    "recall_0": 0.9820118343195267,
    "precision_1": 0.9929727230698104,
    "recall_1": 0.9966589327146171,
    "pr_auc": 0.9998846642076028,
    "roc_auc": 0.9997092107250237,
    "loss": 0.018977656062940756
  },
  "test": {
    "accuracy": 0.9918666666666667,
    "precision": 0.992874329076439,
    "recall": 0.9958232782624837,
    "f1": 0.9943466172381835,
    "f1_macro": 0.9899286530371441,
    "f1_weighted": 0.9918572416763711,
    "precision_0": 0.9892703862660944,
    "recall_0": 0.981779460482726,
    "precision_1": 0.992874329076439,
    "recall_1": 0.9958232782624837,
    "pr_auc": 0.9998269688638699,
    "roc_auc": 0.9995632528784174,
    "loss": 0.021783922590812046
  },
  "eval": {
    "data2_minus_2perc": {
      "accuracy": 0.7751596418721374,
      "precision": 0.8468553936450112,
      "recall": 0.8165607581504836,
      "f1": 0.8314322083889596,
      "f1_macro": 0.7469607425891686,
      "f1_weighted": 0.7772116284646285,
      "precision_0": 0.6391814408751769,
      "recall_0": 0.6875612903225806,
      "precision_1": 0.8468553936450112,
      "recall_1": 0.8165607581504836,
      "pr_auc": 0.899744825090011,
      "roc_auc": 0.8478729749348751,
      "loss": 0.9381525045385546
    }
  },
  "finetune": {
    "classifier": {
      "best_val_score": 0.9932282116774103
    },
    "val": {
      "accuracy": 0.9512195121951219,
      "precision": 0.9826086956521739,
      "recall": 0.9186991869918699,
      "f1": 0.9495798319327731,
      "f1_macro": 0.951167868722292,
      "f1_weighted": 0.951167868722292,
      "precision_0": 0.9236641221374046,
      "recall_0": 0.983739837398374,
      "precision_1": 0.9826086956521739,
      "recall_1": 0.9186991869918699,
      "pr_auc": 0.9932282116774103,
      "roc_auc": 0.9933901778042171,
      "loss": 0.13117839395999908
    },
    "test": {
      "accuracy": 0.9109311740890689,
      "precision": 0.8976377952755905,
      "recall": 0.926829268292683,
      "f1": 0.912,
      "f1_macro": 0.9109180327868853,
      "f1_weighted": 0.9109136523528241,
      "precision_0": 0.925,
      "recall_0": 0.8951612903225806,
      "precision_1": 0.8976377952755905,
      "recall_1": 0.926829268292683,
      "pr_auc": 0.9800698946311126,
      "roc_auc": 0.979281405717283,
      "loss": 0.1833278089761734
    },
    "eval": {
      "data2_minus_2perc": {
        "accuracy": 0.9236452181979311,
        "precision": 0.9622548023173086,
        "recall": 0.9237946553805998,
        "f1": 0.9426325909608527,
        "f1_macro": 0.914251784542907,
        "f1_weighted": 0.9244155070245041,
        "precision_0": 0.8513336664525186,
        "recall_0": 0.9233290322580645,
        "precision_1": 0.9622548023173086,
        "recall_1": 0.9237946553805998,
        "pr_auc": 0.990187274532029,
        "roc_auc": 0.9798356360156889,
        "loss": 0.1793555658815147
      }
    }
  }
}