{
  "train": {
    "joint": {
      "best_val_score": 0.9992422618411563
    }
  },
  "val": {
    "accuracy": 0.9790584415584416,
    "precision": 0.9873096446700508,
    "recall": 0.9816149963950973,
    "f1": 0.9844540853217643,
    "f1_macro": 0.9761902450477543,
    "f1_weighted": 0.9790906383387298,
    "precision_0": 0.9621848739495799,
    "recall_0": 0.9737368684342171,
    "precision_1": 0.9873096446700508,
    "recall_1": 0.9816149963950973,
    "pr_auc": 0.9992422618411563,
    "roc_auc": 0.9984099535949181,
    "loss": 0.04987186984969424
  },
  "test": {
    "accuracy": 0.9774368963558153,
    "precision": 0.9846951072547602,
    "recall": 0.9818553232396059,
    "f1": 0.9832731648616125,
    "f1_macro": 0.9743092326427235,
    "f1_weighted": 0.9774543571441648,
    "precision_0": 0.9624658215262242,
    "recall_0": 0.9682420605151287,
    "precision_1": 0.9846951072547602,
    "recall_1": 0.9818553232396059,
    "pr_auc": 0.999026538274717,
    "roc_auc": 0.9979644935266502,
    "loss": 0.05480114348074313
  },
  "eval": {
    "data1": {
      "accuracy": 0.9562866666666666,
      "precision": 0.9511999357893892,
      "recall": 0.9899298336798337,
      "f1": 0.9701785105173394,
      "f1_macro": 0.944171938566002,
      "f1_weighted": 0.9555260611256633,
      "precision_0": 0.9713485964773297,
      "recall_0": 0.8705035971223022,
      "precision_1": 0.9511999357893892,
      "recall_1": 0.9899298336798337,
      "pr_auc": 0.996224040993133,
      "roc_auc": 0.9907275915864193,
      "loss": 0.11116551918109258
    }
  },
  "finetune": {}
}