{
  "train": {
    "joint": {
      "best_val_score": 0.9992999491519181
    }
  },
  "val": {
    "accuracy": 0.9810064935064935,
    "precision": 0.985707422531828,
    "recall": 0.9861812064407595,
    "f1": 0.9859442575684767,
    "f1_macro": 0.9783324891445987,
    "f1_weighted": 0.9810040221531091,
    "precision_0": 0.971206810215323,
    "recall_0": 0.9702351175587793,
    "precision_1": 0.985707422531828,
    "recall_1": 0.9861812064407595,
    "pr_auc": 0.9992999491519181,
    "roc_auc": 0.9985234145551506,
    "loss": 0.04667482392547967
  },
  "test": {
    "accuracy": 0.9775180585991396,
    "precision": 0.982025164769323,
    "recall": 0.9847392453737083,
    "f1": 0.9833803323933521,
    "f1_macro": 0.9743233950368014,
    "f1_weighted": 0.9775011517280089,
    "precision_0": 0.9680583501006036,
    "recall_0": 0.9624906226556639,
    "precision_1": 0.982025164769323,
    "recall_1": 0.9847392453737083,
    "pr_auc": 0.9991447838461471,
    "roc_auc": 0.9982055415319824,
    "loss": 0.051566620908146045
  },
  "eval": {
    "data1": {
      "accuracy": 0.9676,
      "precision": 0.9612308575117455,
      "recall": 0.995025245025245,
      "f1": 0.9778361516992283,
      "f1_macro": 0.9588155041237334,
      "f1_weighted": 0.9671196652465601,
      "precision_0": 0.9860663408547364,
      "recall_0": 0.8976713366149186,
      "precision_1": 0.9612308575117455,
      "recall_1": 0.995025245025245,
      "pr_auc": 0.9976932854505495,
      "roc_auc": 0.9943610241578282,
      "loss": 0.09312192612846693
    }
  },
  "finetune": {}
}