{
  "train": {
    "contrastive": {
      "best_val_loss": Infinity
    },
    "classifier": {
      "best_val_score": 0.9999212121140459
    }
  },
  "val": {
    "accuracy": 0.9934666666666667,
    "precision": 0.993711273467123,
    "recall": 0.997215777262181,
    "f1": 0.9954604409857328,
    "f1_macro": 0.991905208605087,
    "f1_weighted": 0.993457660077969,
    "precision_0": 0.9928349653689993,
    "recall_0": 0.983905325443787,
    "precision_1": 0.993711273467123,
    "recall_1": 0.997215777262181,
    "pr_auc": 0.9999212121140459,
    "roc_auc": 0.9997995579291314,
    "loss": 0.017533383210003375
  },
  "test": {
    "accuracy": 0.9922,
    "precision": 0.9928776246415688,
    "recall": 0.9962873584555412,
    "f1": 0.9945795691452397,
    "f1_macro": 0.9903379129148658,
    "f1_weighted": 0.992189537247965,
    "precision_0": 0.9904511816662688,
    "recall_0": 0.981779460482726,
    "precision_1": 0.9928776246415688,
    "recall_1": 0.9962873584555412,
    "pr_auc": 0.9999081531011635,
    "roc_auc": 0.9997692557260642,
    "loss": 0.017981122398376466
  },
  "eval": {
    "data2_minus_1perc": {
      "accuracy": 0.6906887702814604,
      "precision": 0.8167829008668154,
      "recall": 0.7003934386538345,
      "f1": 0.7541237886065473,
      "f1_macro": 0.6686323394818865,
      "f1_weighted": 0.6989392548035712,
      "precision_0": 0.5160255783483584,
      "recall_0": 0.6703246456332876,
      "precision_1": 0.8167829008668154,
      "recall_1": 0.7003934386538345,
      "pr_auc": 0.8537232500749743,
      "roc_auc": 0.7583053505378203,
      "loss": 2.7187466006171834
    }
  },
  "finetune": {
    "classifier": {
      "best_val_score": 0.9499273849509178
    },
    "val": {
      "accuracy": 0.8699186991869918,
      "precision": 0.8260869565217391,
      "recall": 0.9344262295081968,
      "f1": 0.8769230769230769,
      "f1_macro": 0.8694960212201591,
      "f1_weighted": 0.8694356386534686,
      "precision_0": 0.9259259259259259,
      "recall_0": 0.8064516129032258,
      "precision_1": 0.8260869565217391,
      "recall_1": 0.9344262295081968,
      "pr_auc": 0.9499273849509178,
      "roc_auc": 0.9463246959280804,
      "loss": 0.30768322944641113
    },
    "test": {
      "accuracy": 0.8548387096774194,
      "precision": 0.8548387096774194,
      "recall": 0.8548387096774194,
      "f1": 0.8548387096774194,
      "f1_macro": 0.8548387096774194,
      "f1_weighted": 0.8548387096774194,
      "precision_0": 0.8548387096774194,
      "recall_0": 0.8548387096774194,
      "precision_1": 0.8548387096774194,
      "recall_1": 0.8548387096774194,
      "pr_auc": 0.9416194596078241,
      "roc_auc": 0.9378251821019772,
      "loss": 0.35956570506095886
    },
    "eval": {
      "data2_minus_1perc": {
        "accuracy": 0.8900640316140722,
        "precision": 0.9175779081275497,
        "recall": 0.9203438048544277,
        "f1": 0.9189587752857203,
        "f1_macro": 0.8740532444016487,
        "f1_weighted": 0.8899723583705131,
        "precision_0": 0.831786691208426,
        "recall_0": 0.8265254280343444,
        "precision_1": 0.9175779081275497,
        "recall_1": 0.9203438048544277,
        "pr_auc": 0.9773871138926554,
        "roc_auc": 0.9552217079915252,
        "loss": 0.2775939272923429
      }
    }
  }
}