{
  "train": {
    "joint": {
      "best_val_score": 0.9994438723877209
    }
  },
  "val": {
    "accuracy": 0.9820616883116883,
    "precision": 0.9879532586435369,
    "recall": 0.9854602259072338,
    "f1": 0.9867051675389521,
    "f1_macro": 0.9795693730921653,
    "f1_weighted": 0.9820738515976772,
    "precision_0": 0.9698930082109978,
    "recall_0": 0.9749874937468734,
    "precision_1": 0.9879532586435369,
    "recall_1": 0.9854602259072338,
    "pr_auc": 0.9994438723877209,
    "roc_auc": 0.9988308261316431,
    "loss": 0.04286766962765099
  },
  "test": {
    "accuracy": 0.9813326840353868,
    "precision": 0.9853646833013435,
    "recall": 0.9870223503965393,
    "f1": 0.9861928202665387,
    "f1_macro": 0.9786926025180389,
    "f1_weighted": 0.9813241617524162,
    "precision_0": 0.9728983688833124,
    "recall_0": 0.9694923730932733,
    "precision_1": 0.9853646833013435,
    "recall_1": 0.9870223503965393,
    "pr_auc": 0.9993238948822033,
    "roc_auc": 0.9985843613030151,
    "loss": 0.046725130926147336
  },
  "eval": {
    "data1": {
      "accuracy": 0.9592733333333333,
      "precision": 0.9532703611534791,
      "recall": 0.9919253044253045,
      "f1": 0.9722137571239488,
      "f1_macro": 0.9479937557689668,
      "f1_weighted": 0.9585678854272006,
      "precision_0": 0.9770369783830866,
      "recall_0": 0.8760176069670579,
      "precision_1": 0.9532703611534791,
      "recall_1": 0.9919253044253045,
      "pr_auc": 0.9974814153447633,
      "roc_auc": 0.9936875162105754,
      "loss": 0.1122091384367148
    }
  },
  "finetune": {}
}