{
  "train": {
    "contrastive": {
      "best_val_loss": 1.072894156519572
    },
    "classifier": {
      "best_val_score": 0.9999243439723999
    }
  },
  "val": {
    "accuracy": 0.9928,
    "precision": 0.9963704048394603,
    "recall": 0.9935962877030162,
    "f1": 0.9949814126394052,
    "f1_macro": 0.9911227817914008,
    "f1_weighted": 0.992807717261696,
    "precision_0": 0.9837837837837838,
    "recall_0": 0.9907692307692307,
    "precision_1": 0.9963704048394603,
    "recall_1": 0.9935962877030162,
    "pr_auc": 0.9999243439723999,
    "roc_auc": 0.9998067408943012,
    "loss": 0.016573822813729443
  },
  "test": {
    "accuracy": 0.9922666666666666,
    "precision": 0.9966449207828518,
    "recall": 0.9925747169110822,
    "f1": 0.9946056547619048,
    "f1_macro": 0.9904760853847189,
    "f1_weighted": 0.992278780070173,
    "precision_0": 0.9812646370023419,
    "recall_0": 0.9914813061997161,
    "precision_1": 0.9966449207828518,
    "recall_1": 0.9925747169110822,
    "pr_auc": 0.9999096673569722,
    "roc_auc": 0.9997697389141499,
    "loss": 0.018224926015237966
  },
  "eval": {
    "data2_minus_2perc": {
      "accuracy": 0.7801290386701895,
      "precision": 0.8043320744774284,
      "recall": 0.8935954823207991,
      "f1": 0.8466174015033772,
      "f1_macro": 0.7292545202572513,
      "f1_weighted": 0.7712844660262343,
      "precision_0": 0.705777208188594,
      "recall_0": 0.5400516129032258,
      "precision_1": 0.8043320744774284,
      "recall_1": 0.8935954823207991,
      "pr_auc": 0.8927406066799328,
      "roc_auc": 0.8354875237000714,
      "loss": 2.11859581387534
    }
  },
  "finetune": {
    "classifier": {
      "best_val_score": 0.9894650506453229
    },
    "val": {
      "accuracy": 0.959349593495935,
      "precision": 0.9669421487603306,
      "recall": 0.9512195121951219,
      "f1": 0.9590163934426229,
      "f1_macro": 0.9593469063987308,
      "f1_weighted": 0.9593469063987308,
      "precision_0": 0.952,
      "recall_0": 0.967479674796748,
      "precision_1": 0.9669421487603306,
      "recall_1": 0.9512195121951219,
      "pr_auc": 0.9894650506453229,
      "roc_auc": 0.9896225791526209,
      "loss": 0.16309864819049835
    },
    "test": {
      "accuracy": 0.8866396761133604,
      "precision": 0.8625954198473282,
      "recall": 0.9186991869918699,
      "f1": 0.889763779527559,
      "f1_macro": 0.8865485564304462,
      "f1_weighted": 0.886535539332887,
      "precision_0": 0.9137931034482759,
      "recall_0": 0.8548387096774194,
      "precision_1": 0.8625954198473282,
      "recall_1": 0.9186991869918699,
      "pr_auc": 0.9671549580432739,
      "roc_auc": 0.9658405455022293,
      "loss": 0.23535458743572235
    },
    "eval": {
      "data2_minus_2perc": {
        "accuracy": 0.916497569136733,
        "precision": 0.9485049212230081,
        "recall": 0.9273805022624986,
        "f1": 0.9378237702896048,
        "f1_macro": 0.9053639941632832,
        "f1_weighted": 0.916988475564703,
        "precision_0": 0.8532630126182965,
        "recall_0": 0.8934709677419355,
        "precision_1": 0.9485049212230081,
        "recall_1": 0.9273805022624986,
        "pr_auc": 0.9859075934169254,
        "roc_auc": 0.971725507788417,
        "loss": 0.21294066682670817
      }
    }
  }
}