{
  "train": {
    "joint": {
      "best_val_score": 0.9995154516250763
    }
  },
  "val": {
    "accuracy": 0.9823863636363637,
    "precision": 0.9884295528504279,
    "recall": 0.9854602259072338,
    "f1": 0.9869426559961489,
    "f1_macro": 0.9799443363511476,
    "f1_weighted": 0.9824005647720069,
    "precision_0": 0.9699229430773055,
    "recall_0": 0.9759879939969985,
    "precision_1": 0.9884295528504279,
    "recall_1": 0.9854602259072338,
    "pr_auc": 0.9995154516250763,
    "roc_auc": 0.998982668455112,
    "loss": 0.039470385435920255
  },
  "test": {
    "accuracy": 0.9809268728187647,
    "precision": 0.9878151767402582,
    "recall": 0.9838981014179283,
    "f1": 0.9858527481789175,
    "f1_macro": 0.978295568461268,
    "f1_weighted": 0.9809471136215147,
    "precision_0": 0.966765873015873,
    "recall_0": 0.9747436859214804,
    "precision_1": 0.9878151767402582,
    "recall_1": 0.9838981014179283,
    "pr_auc": 0.9993199012835338,
    "roc_auc": 0.9985792831288812,
    "loss": 0.04648951369830346
  },
  "eval": {
    "data1_minus_3perc": {
      "accuracy": 0.964233676975945,
      "precision": 0.9661529022422192,
      "recall": 0.985183991506626,
      "f1": 0.97557564322792,
      "f1_macro": 0.9544005965260651,
      "f1_weighted": 0.9639312594704711,
      "precision_0": 0.9587903395908036,
      "recall_0": 0.9089886517022446,
      "precision_1": 0.9661529022422192,
      "recall_1": 0.985183991506626,
      "pr_auc": 0.9972734508520911,
      "roc_auc": 0.9931997049220747,
      "loss": 0.10682621376108878
    }
  },
  "finetune": {
    "classifier": {
      "best_val_score": 0.9996230993214504
    },
    "val": {
      "accuracy": 0.9911111111111112,
      "precision": 0.9911111111111112,
      "recall": 0.9911111111111112,
      "f1": 0.9911111111111112,
      "f1_macro": 0.9911111111111112,
      "f1_weighted": 0.9911111111111112,
      "precision_0": 0.9911111111111112,
      "recall_0": 0.9911111111111112,
      "precision_1": 0.9911111111111112,
      "recall_1": 0.9911111111111112,
      "pr_auc": 0.9996230993214504,
      "roc_auc": 0.999604938271605,
      "loss": 0.027090185980002086
    },
    "test": {
      "accuracy": 0.9844444444444445,
      "precision": 0.9823008849557522,
      "recall": 0.9866666666666667,
      "f1": 0.9844789356984479,
      "f1_macro": 0.9844443676265069,
      "f1_weighted": 0.9844443676265069,
      "precision_0": 0.9866071428571429,
      "recall_0": 0.9822222222222222,
      "precision_1": 0.9823008849557522,
      "recall_1": 0.9866666666666667,
      "pr_auc": 0.9981028137889663,
      "roc_auc": 0.9981432098765433,
      "loss": 0.052804578824175726
    },
    "eval": {
      "data1_minus_3perc": {
        "accuracy": 0.9792164948453608,
        "precision": 0.9941838033874764,
        "recall": 0.9770508275352153,
        "f1": 0.985542859874743,
        "f1_macro": 0.9742940988851901,
        "f1_weighted": 0.9793570463744261,
        "precision_0": 0.9421145753634277,
        "recall_0": 0.9849272609108634,
        "precision_1": 0.9941838033874764,
        "recall_1": 0.9770508275352153,
        "pr_auc": 0.9994021912305332,
        "roc_auc": 0.9984412001308607,
        "loss": 0.05434964545383486
      }
    }
  }
}