{
  "train": {
    "joint": {
      "best_val_score": 0.996761980808319
    }
  },
  "val": {
    "accuracy": 0.9607954545454546,
    "precision": 0.952232606438214,
    "recall": 0.9917087238644556,
    "f1": 0.9715698393077874,
    "f1_macro": 0.9542204182815242,
    "f1_weighted": 0.9603096144274301,
    "precision_0": 0.9811114152751164,
    "recall_0": 0.896448224112056,
    "precision_1": 0.952232606438214,
    "recall_1": 0.9917087238644556,
    "pr_auc": 0.996761980808319,
    "roc_auc": 0.9933851809346155,
    "loss": 0.09763555091309857
  },
  "test": {
    "accuracy": 0.9586884181478776,
    "precision": 0.9485589619933402,
    "recall": 0.9926700312424898,
    "f1": 0.9701133227643709,
    "f1_macro": 0.9516182170253336,
    "f1_weighted": 0.9581074907944966,
    "precision_0": 0.9831118493909191,
    "recall_0": 0.8879719929982496,
    "precision_1": 0.9485589619933402,
    "recall_1": 0.9926700312424898,
    "pr_auc": 0.996671894823757,
    "roc_auc": 0.9932271430030063,
    "loss": 0.1016672233081964
  },
  "eval": {
    "data1": {
      "accuracy": 0.9290933333333333,
      "precision": 0.913443689436128,
      "recall": 0.9956285268785269,
      "f1": 0.9527670950608841,
      "f1_macro": 0.9053043954547384,
      "f1_weighted": 0.9260259772667867,
      "precision_0": 0.9855352865303114,
      "recall_0": 0.7594424460431655,
      "precision_1": 0.913443689436128,
      "recall_1": 0.9956285268785269,
      "pr_auc": 0.9928764338973464,
      "roc_auc": 0.9826437113956193,
      "loss": 0.17411908191919326
    }
  },
  "finetune": {}
}