{
  "train": {
    "joint": {
      "best_val_score": 0.9998460071786415
    }
  },
  "val": {
    "accuracy": 0.9919333333333333,
    "precision": 0.9951663878044246,
    "recall": 0.9935962877030162,
    "f1": 0.9943807179677704,
    "f1_macro": 0.9900449710070338,
    "f1_weighted": 0.9919382471798889,
    "precision_0": 0.9837340876944838,
    "recall_0": 0.9876923076923076,
    "precision_1": 0.9951663878044246,
    "recall_1": 0.9935962877030162,
    "pr_auc": 0.9998460071786415,
    "roc_auc": 0.9996223232059749,
    "loss": 0.020162761746843658
  },
  "test": {
    "accuracy": 0.9914,
    "precision": 0.9951623406828543,
    "recall": 0.9928531650269167,
    "f1": 0.9940064117455745,
    "f1_macro": 0.9893943819964159,
    "f1_weighted": 0.9914076867162486,
    "precision_0": 0.9818866149141379,
    "recall_0": 0.9876952200662565,
    "precision_1": 0.9951623406828543,
    "recall_1": 0.9928531650269167,
    "pr_auc": 0.9998526624362702,
    "roc_auc": 0.9996263857944109,
    "loss": 0.021601547402143477
  },
  "eval": {
    "data2": {
      "accuracy": 0.7550871326185239,
      "precision": 0.8439295115341225,
      "recall": 0.7820502036745532,
      "f1": 0.8118123986528627,
      "f1_macro": 0.7306104960289619,
      "f1_weighted": 0.7591089016485886,
      "precision_0": 0.6064143737522785,
      "recall_0": 0.6989645340403181,
      "precision_1": 0.8439295115341225,
      "recall_1": 0.7820502036745532,
      "pr_auc": 0.8903885963763685,
      "roc_auc": 0.8289719300759038,
      "loss": 1.0945313884411887
    }
  },
  "finetune": {}
}