{
  "train": {
    "joint": {
      "best_val_score": 0.9993884006649011
    }
  },
  "val": {
    "accuracy": 0.9821428571428571,
    "precision": 0.9880722891566265,
    "recall": 0.9854602259072338,
    "f1": 0.9867645289375526,
    "f1_macro": 0.9796631325156708,
    "f1_weighted": 0.9821555382078964,
    "precision_0": 0.9699004975124378,
    "recall_0": 0.9752376188094047,
    "precision_1": 0.9880722891566265,
    "recall_1": 0.9854602259072338,
    "pr_auc": 0.9993884006649011,
    "roc_auc": 0.9987169143331578,
    "loss": 0.0456484303265423
  },
  "test": {
    "accuracy": 0.9796282769255742,
    "precision": 0.9847447447447447,
    "recall": 0.985099735640471,
    "f1": 0.9849222082056827,
    "f1_macro": 0.9767637932835793,
    "f1_weighted": 0.979626290459803,
    "precision_0": 0.968968968968969,
    "recall_0": 0.9682420605151287,
    "precision_1": 0.9847447447447447,
    "recall_1": 0.985099735640471,
    "pr_auc": 0.9991951397708546,
    "roc_auc": 0.9983183431041611,
    "loss": 0.05045248478153374
  },
  "eval": {
    "data1": {
      "accuracy": 0.9594666666666667,
      "precision": 0.9568183043657997,
      "recall": 0.9881663944163944,
      "f1": 0.9722397245888466,
      "f1_macro": 0.9485806560510606,
      "f1_weighted": 0.9589098899204107,
      "precision_0": 0.9670763827919228,
      "recall_0": 0.8862883377508519,
      "precision_1": 0.9568183043657997,
      "recall_1": 0.9881663944163944,
      "pr_auc": 0.9962258534855088,
      "roc_auc": 0.9910511053898975,
      "loss": 0.1123323604774475
    }
  },
  "finetune": {}
}