{
  "train": {
    "contrastive": {
      "best_val_loss": 1.2163224529910397
    },
    "classifier": {
      "best_val_score": 0.9995118880933462
    }
  },
  "val": {
    "accuracy": 0.9832792207792208,
    "precision": 0.9887978800289087,
    "recall": 0.9864215332852679,
    "f1": 0.9876082771896054,
    "f1_macro": 0.9809548371975971,
    "f1_weighted": 0.9832900218181688,
    "precision_0": 0.9718765555002489,
    "recall_0": 0.9767383691845923,
    "precision_1": 0.9887978800289087,
    "recall_1": 0.9864215332852679,
    "pr_auc": 0.9995118880933462,
    "roc_auc": 0.9989779797372851,
    "loss": 0.038890804364890244
  },
  "test": {
    "accuracy": 0.9817384952520087,
    "precision": 0.9866570501262171,
    "recall": 0.9863013698630136,
    "f1": 0.9864791779340184,
    "f1_macro": 0.9791788465598101,
    "f1_weighted": 0.9817402727858228,
    "precision_0": 0.9715142428785607,
    "recall_0": 0.9722430607651913,
    "precision_1": 0.9866570501262171,
    "recall_1": 0.9863013698630136,
    "pr_auc": 0.9993416161293422,
    "roc_auc": 0.9986249265993498,
    "loss": 0.044375233972725865
  },
  "eval": {
    "data1_minus_1perc": {
      "accuracy": 0.9709090909090909,
      "precision": 0.9667339442868572,
      "recall": 0.9938220834813167,
      "f1": 0.9800908814393555,
      "f1_macro": 0.9630501648929475,
      "f1_weighted": 0.9705650635137635,
      "precision_0": 0.9828347356393476,
      "recall_0": 0.911844070736761,
      "precision_1": 0.9667339442868572,
      "recall_1": 0.9938220834813167,
      "pr_auc": 0.998288871484458,
      "roc_auc": 0.9957246333892951,
      "loss": 0.07892477783319926
    }
  },
  "finetune": {
    "classifier": {
      "best_val_score": 0.9998245614035087
    },
    "val": {
      "accuracy": 0.9733333333333334,
      "precision": 0.9493670886075949,
      "recall": 1.0,
      "f1": 0.974025974025974,
      "f1_macro": 0.9733143568760008,
      "f1_weighted": 0.9733143568760007,
      "precision_0": 1.0,
      "recall_0": 0.9466666666666667,
      "precision_1": 0.9493670886075949,
      "recall_1": 1.0,
      "pr_auc": 0.9998245614035087,
      "roc_auc": 0.9998222222222223,
      "loss": 0.05775248259305954
    },
    "test": {
      "accuracy": 0.98,
      "precision": 0.9736842105263158,
      "recall": 0.9866666666666667,
      "f1": 0.9801324503311258,
      "f1_macro": 0.9799991110716032,
      "f1_weighted": 0.9799991110716032,
      "precision_0": 0.9864864864864865,
      "recall_0": 0.9733333333333334,
      "precision_1": 0.9736842105263158,
      "recall_1": 0.9866666666666667,
      "pr_auc": 0.9990123456790123,
      "roc_auc": 0.9989333333333333,
      "loss": 0.05199174955487251
    },
    "eval": {
      "data1_minus_1perc": {
        "accuracy": 0.9794006734006734,
        "precision": 0.9838551995754309,
        "recall": 0.987616128007178,
        "f1": 0.9857320764749506,
        "f1_macro": 0.9743497615889274,
        "f1_weighted": 0.9793693241293712,
        "precision_0": 0.9677592038348298,
        "recall_0": 0.9582229075314412,
        "precision_1": 0.9838551995754309,
        "recall_1": 0.987616128007178,
        "pr_auc": 0.9991220322829379,
        "roc_auc": 0.9977840419528742,
        "loss": 0.057288362773179204
      }
    }
  }
}