{
  "train": {
    "joint": {
      "best_val_score": 0.9991073830918696
    }
  },
  "val": {
    "accuracy": 0.9741883116883117,
    "precision": 0.9918879056047197,
    "recall": 0.969718817591925,
    "f1": 0.980678089682829,
    "f1_macro": 0.9709061433503365,
    "f1_weighted": 0.9743358426962536,
    "precision_0": 0.9397705544933078,
    "recall_0": 0.9834917458729364,
    "precision_1": 0.9918879056047197,
    "recall_1": 0.969718817591925,
    "pr_auc": 0.9991073830918696,
    "roc_auc": 0.9981223488456558,
    "loss": 0.05989098897227993
  },
  "test": {
    "accuracy": 0.9723236750263777,
    "precision": 0.9901731973958973,
    "recall": 0.9686373467916366,
    "f1": 0.9792868857437891,
    "f1_macro": 0.9687973736702806,
    "f1_weighted": 0.9724777697983366,
    "precision_0": 0.9375598086124401,
    "recall_0": 0.9799949987496874,
    "precision_1": 0.9901731973958973,
    "recall_1": 0.9686373467916366,
    "pr_auc": 0.9989468236889109,
    "roc_auc": 0.997791715412631,
    "loss": 0.06235290227084324
  },
  "eval": {
    "data1": {
      "accuracy": 0.9529133333333333,
      "precision": 0.9591226230106252,
      "recall": 0.9760450697950698,
      "f1": 0.9675098556044694,
      "f1_macro": 0.9410063834195255,
      "f1_weighted": 0.9525774459958428,
      "precision_0": 0.9360426217321274,
      "recall_0": 0.8939322226429383,
      "precision_1": 0.9591226230106252,
      "recall_1": 0.9760450697950698,
      "pr_auc": 0.9964905883838691,
      "roc_auc": 0.9911668484434039,
      "loss": 0.10801317748904228
    }
  },
  "finetune": {}
}