{
  "train": {
    "joint": {
      "best_val_score": 0.9998910283079464
    }
  },
  "val": {
    "accuracy": 0.9918666666666667,
    "precision": 0.9933314809669352,
    "recall": 0.9953596287703016,
    "f1": 0.994344520674949,
    "f1_macro": 0.9899344815050113,
    "f1_weighted": 0.9918601986092174,
    "precision_0": 0.9881037354270759,
    "recall_0": 0.9829585798816568,
    "precision_1": 0.9933314809669352,
    "recall_1": 0.9953596287703016,
    "pr_auc": 0.9998910283079464,
    "roc_auc": 0.9997233240434382,
    "loss": 0.019470134438574316
  },
  "test": {
    "accuracy": 0.9917333333333334,
    "precision": 0.993421052631579,
    "recall": 0.995080749953592,
    "f1": 0.9942502086617825,
    "f1_macro": 0.9897739067970994,
    "f1_weighted": 0.9917279617710958,
    "precision_0": 0.9874049429657795,
    "recall_0": 0.9831992427827733,
    "precision_1": 0.993421052631579,
    "recall_1": 0.995080749953592,
    "pr_auc": 0.999872135776699,
    "roc_auc": 0.9996750889571229,
    "loss": 0.02113064203709364
  },
  "eval": {
    "data2": {
      "accuracy": 0.7023692604887868,
      "precision": 0.7686767014498107,
      "recall": 0.8001826462070871,
      "f1": 0.784113321519196,
      "f1_macro": 0.6525559227088358,
      "f1_weighted": 0.698726960485198,
      "precision_0": 0.5452954526810861,
      "recall_0": 0.49877444850182584,
      "precision_1": 0.7686767014498107,
      "recall_1": 0.8001826462070871,
      "pr_auc": 0.8637264363118855,
      "roc_auc": 0.7668062506439862,
      "loss": 2.4677112526020197
    }
  },
  "finetune": {}
}