{
  "train": {
    "joint": {
      "best_val_score": 0.999473788956974
    }
  },
  "val": {
    "accuracy": 0.982224025974026,
    "precision": 0.9805479777013403,
    "recall": 0.9933910117760154,
    "f1": 0.9869277144392049,
    "f1_macro": 0.9795802512857873,
    "f1_weighted": 0.9821590200094381,
    "precision_0": 0.9858575469272306,
    "recall_0": 0.9589794897448725,
    "precision_1": 0.9805479777013403,
    "recall_1": 0.9933910117760154,
    "pr_auc": 0.999473788956974,
    "roc_auc": 0.9988931920899166,
    "loss": 0.042054502438608705
  },
  "test": {
    "accuracy": 0.9773557341124909,
    "precision": 0.9739540365350619,
    "recall": 0.9930305215092525,
    "f1": 0.9833997739037306,
    "f1_macro": 0.9738951645523758,
    "f1_weighted": 0.9772299933995396,
    "precision_0": 0.9848800834202294,
    "recall_0": 0.9447361840460115,
    "precision_1": 0.9739540365350619,
    "recall_1": 0.9930305215092525,
    "pr_auc": 0.9992343777393771,
    "roc_auc": 0.998397971278448,
    "loss": 0.05180942883934088
  },
  "eval": {
    "data1": {
      "accuracy": 0.9469133333333334,
      "precision": 0.933894575719889,
      "recall": 0.9966401841401842,
      "f1": 0.9642477113237281,
      "f1_macro": 0.9305987433975544,
      "f1_weighted": 0.9452894341412161,
      "precision_0": 0.9896621640917269,
      "recall_0": 0.8201202196137827,
      "precision_1": 0.933894575719889,
      "recall_1": 0.9966401841401842,
      "pr_auc": 0.99725998851749,
      "roc_auc": 0.9931357291366076,
      "loss": 0.15779872035861015
    }
  },
  "finetune": {}
}