{
  "train": {
    "joint": {
      "best_val_score": 0.999868435454276
    }
  },
  "val": {
    "accuracy": 0.9920666666666667,
    "precision": 0.9936990363232023,
    "recall": 0.9952668213457077,
    "f1": 0.9944823109380071,
    "f1_macro": 0.9901855406225669,
    "f1_weighted": 0.9920617969936425,
    "precision_0": 0.9878802281368821,
    "recall_0": 0.983905325443787,
    "precision_1": 0.9936990363232023,
    "recall_1": 0.9952668213457077,
    "pr_auc": 0.999868435454276,
    "roc_auc": 0.9996658713052073,
    "loss": 0.02117716346681118
  },
  "test": {
    "accuracy": 0.9905333333333334,
    "precision": 0.9931354359925788,
    "recall": 0.9936885093744199,
    "f1": 0.9934118957038137,
    "f1_macro": 0.9882996016525225,
    "f1_weighted": 0.9905312884157128,
    "precision_0": 0.9838862559241706,
    "recall_0": 0.9824893516327496,
    "precision_1": 0.9931354359925788,
    "recall_1": 0.9936885093744199,
    "pr_auc": 0.9998672160792336,
    "roc_auc": 0.9996595281044593,
    "loss": 0.02194020752410094
  },
  "eval": {
    "data2": {
      "accuracy": 0.7052669172016915,
      "precision": 0.824149702171179,
      "recall": 0.716561925475541,
      "f1": 0.7665993906593477,
      "f1_macro": 0.6834053896089709,
      "f1_weighted": 0.712602936839292,
      "precision_0": 0.536089367895213,
      "recall_0": 0.6817567905557501,
      "precision_1": 0.824149702171179,
      "recall_1": 0.716561925475541,
      "pr_auc": 0.8765469558012183,
      "roc_auc": 0.8038889510950311,
      "loss": 1.6327583026807806
    }
  },
  "finetune": {}
}