{
  "train": {
    "joint": {
      "best_val_score": 0.9995154516250763
    }
  },
  "val": {
    "accuracy": 0.9823863636363637,
    "precision": 0.9884295528504279,
    "recall": 0.9854602259072338,
    "f1": 0.9869426559961489,
    "f1_macro": 0.9799443363511476,
    "f1_weighted": 0.9824005647720069,
    "precision_0": 0.9699229430773055,
    "recall_0": 0.9759879939969985,
    "precision_1": 0.9884295528504279,
    "recall_1": 0.9854602259072338,
    "pr_auc": 0.9995154516250763,
    "roc_auc": 0.998982668455112,
    "loss": 0.039470385435920255
  },
  "test": {
    "accuracy": 0.9809268728187647,
    "precision": 0.9878151767402582,
    "recall": 0.9838981014179283,
    "f1": 0.9858527481789175,
    "f1_macro": 0.978295568461268,
    "f1_weighted": 0.9809471136215147,
    "precision_0": 0.966765873015873,
    "recall_0": 0.9747436859214804,
    "precision_1": 0.9878151767402582,
    "recall_1": 0.9838981014179283,
    "pr_auc": 0.9993199012835338,
    "roc_auc": 0.9985792831288812,
    "loss": 0.04648951369830346
  },
  "eval": {
    "data1_minus_4perc": {
      "accuracy": 0.9644375,
      "precision": 0.966596412346026,
      "recall": 0.9851542809134652,
      "f1": 0.975787119560849,
      "f1_macro": 0.9544234090634404,
      "f1_weighted": 0.9641391498485397,
      "precision_0": 0.9582494294536179,
      "recall_0": 0.9091603831261463,
      "precision_1": 0.966596412346026,
      "recall_1": 0.9851542809134652,
      "pr_auc": 0.9972951438583748,
      "roc_auc": 0.9931717004760244,
      "loss": 0.10652638716167874
    }
  },
  "finetune": {
    "classifier": {
      "best_val_score": 0.9997896729567944
    },
    "val": {
      "accuracy": 0.99,
      "precision": 0.9932885906040269,
      "recall": 0.9866666666666667,
      "f1": 0.9899665551839465,
      "f1_macro": 0.9899998888876543,
      "f1_weighted": 0.9899998888876543,
      "precision_0": 0.9867549668874173,
      "recall_0": 0.9933333333333333,
      "precision_1": 0.9932885906040269,
      "recall_1": 0.9866666666666667,
      "pr_auc": 0.9997896729567944,
      "roc_auc": 0.9997888888888888,
      "loss": 0.024911617512504258
    },
    "test": {
      "accuracy": 0.9866666666666667,
      "precision": 0.9899328859060402,
      "recall": 0.9833333333333333,
      "f1": 0.9866220735785953,
      "f1_macro": 0.9866665185168724,
      "f1_weighted": 0.9866665185168724,
      "precision_0": 0.9834437086092715,
      "recall_0": 0.99,
      "precision_1": 0.9899328859060402,
      "recall_1": 0.9833333333333333,
      "pr_auc": 0.9993844337536147,
      "roc_auc": 0.9993777777777778,
      "loss": 0.03326359847560525
    },
    "eval": {
      "data1_minus_4perc": {
        "accuracy": 0.9850208333333333,
        "precision": 0.9952687632160824,
        "recall": 0.9840850072557855,
        "f1": 0.9896452899750853,
        "f1_macro": 0.98128878209555,
        "f1_weighted": 0.9850891361789876,
        "precision_0": 0.9587713006702446,
        "recall_0": 0.9875178316690443,
        "precision_1": 0.9952687632160824,
        "recall_1": 0.9840850072557855,
        "pr_auc": 0.999626467796038,
        "roc_auc": 0.9990031297409057,
        "loss": 0.04286131999062167
      }
    }
  }
}